Maria	368464	vrouwelijke voornaam
Johanna	290068	vrouwelijke voornaam
Anna	147916	vrouwelijke voornaam
Cornelia	122667	vrouwelijke voornaam
Elisabeth	119141	vrouwelijke voornaam
Wilhelmina	106938	vrouwelijke voornaam
Catharina	92524	vrouwelijke voornaam
Hendrika	78375	vrouwelijke voornaam
Adriana	75620	vrouwelijke voornaam
Petronella	74301	vrouwelijke voornaam
Margaretha	49802	vrouwelijke voornaam
Jacoba	46960	vrouwelijke voornaam
Yvonne	45304	vrouwelijke voornaam
Helena	44082	vrouwelijke voornaam
Geertruida	43425	vrouwelijke voornaam
Monique	40930	vrouwelijke voornaam
Antonia	34823	vrouwelijke voornaam
Esther	34339	vrouwelijke voornaam
Ingrid	34065	vrouwelijke voornaam
Christina	33409	vrouwelijke voornaam
Elizabeth	31760	vrouwelijke voornaam
Linda	31262	vrouwelijke voornaam
Theodora	30811	vrouwelijke voornaam
Aaltje	29781	vrouwelijke voornaam
Sandra	29779	vrouwelijke voornaam
Anne	29627	vrouwelijke voornaam
Grietje	28147	vrouwelijke voornaam
Alida	28073	vrouwelijke voornaam
Marianne	26252	vrouwelijke voornaam
Laura	26009	vrouwelijke voornaam
Kim	26006	vrouwelijke voornaam
Sanne	25600	vrouwelijke voornaam
Jantje	24929	vrouwelijke voornaam
Trijntje	24548	vrouwelijke voornaam
Jolanda	24145	vrouwelijke voornaam
Karin	24144	vrouwelijke voornaam
Jacqueline	23064	vrouwelijke voornaam
Neeltje	23044	vrouwelijke voornaam
Geertje	22476	vrouwelijke voornaam
Iris	22324	vrouwelijke voornaam
Janna	21635	vrouwelijke voornaam
Astrid	21570	vrouwelijke voornaam
Saskia	21350	vrouwelijke voornaam
Bianca	21103	vrouwelijke voornaam
Eva	20871	vrouwelijke voornaam
Patricia	20834	vrouwelijke voornaam
Antje	20601	vrouwelijke voornaam
Chantal	20343	vrouwelijke voornaam
Judith	20077	vrouwelijke voornaam
Petra	20037	vrouwelijke voornaam
Wendy	19992	vrouwelijke voornaam
Maaike	19679	vrouwelijke voornaam
Daniëlle	19609	vrouwelijke voornaam
Lisa	19380	vrouwelijke voornaam
Nicole	18881	vrouwelijke voornaam
Francisca	18564	vrouwelijke voornaam
Anouk	18548	vrouwelijke voornaam
Willemina	18530	vrouwelijke voornaam
Jannetje	18512	vrouwelijke voornaam
Gerarda	18457	vrouwelijke voornaam
Ellen	18043	vrouwelijke voornaam
Sylvia	17883	vrouwelijke voornaam
Anita	17664	vrouwelijke voornaam
Joyce	17379	vrouwelijke voornaam
Pieternella	17302	vrouwelijke voornaam
Emma	17044	vrouwelijke voornaam
Miranda	16967	vrouwelijke voornaam
Femke	16887	vrouwelijke voornaam
Martina	16828	vrouwelijke voornaam
Marijke	16621	vrouwelijke voornaam
Louise	16567	vrouwelijke voornaam
Ilse	16564	vrouwelijke voornaam
Suzanne	16473	vrouwelijke voornaam
Marieke	16452	vrouwelijke voornaam
Henrica	16378	vrouwelijke voornaam
Simone	16322	vrouwelijke voornaam
Josephina	16235	vrouwelijke voornaam
Irene	16077	vrouwelijke voornaam
Hendrikje	15662	vrouwelijke voornaam
Lotte	15628	vrouwelijke voornaam
Mirjam	15488	vrouwelijke voornaam
Charlotte	15325	vrouwelijke voornaam
Maartje	15081	vrouwelijke voornaam
Inge	14823	vrouwelijke voornaam
Julia	14796	vrouwelijke voornaam
Gerritje	14758	vrouwelijke voornaam
Carolina	14685	vrouwelijke voornaam
Michelle	14616	vrouwelijke voornaam
Agnes	14550	vrouwelijke voornaam
Claudia	14540	vrouwelijke voornaam
Marie	14540	vrouwelijke voornaam
Theresia	14160	vrouwelijke voornaam
Tessa	14068	vrouwelijke voornaam
Barbara	14025	vrouwelijke voornaam
Dirkje	13813	vrouwelijke voornaam
Martha	13806	vrouwelijke voornaam
Marjolein	13785	vrouwelijke voornaam
Gerda	13768	vrouwelijke voornaam
Hermina	13702	vrouwelijke voornaam
Jessica	13307	vrouwelijke voornaam
Sonja	13055	vrouwelijke voornaam
Manon	13033	vrouwelijke voornaam
Diana	12946	vrouwelijke voornaam
Sophie	12929	vrouwelijke voornaam
Berendina	12759	vrouwelijke voornaam
Fleur	12682	vrouwelijke voornaam
Amber	12519	vrouwelijke voornaam
Nathalie	12340	vrouwelijke voornaam
Caroline	12266	vrouwelijke voornaam
Naomi	12198	vrouwelijke voornaam
Eline	12148	vrouwelijke voornaam
Sophia	12084	vrouwelijke voornaam
Carla	12006	vrouwelijke voornaam
Denise	11999	vrouwelijke voornaam
Melissa	11834	vrouwelijke voornaam
Tamara	11798	vrouwelijke voornaam
Angela	11697	vrouwelijke voornaam
Nienke	11695	vrouwelijke voornaam
Monica	11544	vrouwelijke voornaam
Mariska	11498	vrouwelijke voornaam
Gertruda	11490	vrouwelijke voornaam
Aleida	11475	vrouwelijke voornaam
Daphne	11279	vrouwelijke voornaam
Lieke	11080	vrouwelijke voornaam
Vera	11039	vrouwelijke voornaam
Henriëtte	10975	vrouwelijke voornaam
Alexandra	10874	vrouwelijke voornaam
Angelique	10759	vrouwelijke voornaam
Sara	10595	vrouwelijke voornaam
Romy	10366	vrouwelijke voornaam
Merel	10360	vrouwelijke voornaam
Janneke	10257	vrouwelijke voornaam
Jeannette	10155	vrouwelijke voornaam
Lena	10145	vrouwelijke voornaam
Nina	10091	vrouwelijke voornaam
Cindy	9977	vrouwelijke voornaam
Mandy	9977	vrouwelijke voornaam
Sharon	9966	vrouwelijke voornaam
Dina	9913	vrouwelijke voornaam
Paulina	9830	vrouwelijke voornaam
Britt	9780	vrouwelijke voornaam
Sabine	9753	vrouwelijke voornaam
Kelly	9723	vrouwelijke voornaam
Melanie	9667	vrouwelijke voornaam
Maud	9573	vrouwelijke voornaam
Marloes	9541	vrouwelijke voornaam
Marion	9528	vrouwelijke voornaam
Lucia	9496	vrouwelijke voornaam
Annemarie	9337	vrouwelijke voornaam
Ilona	9257	vrouwelijke voornaam
Leonie	9223	vrouwelijke voornaam
Nancy	9144	vrouwelijke voornaam
Demi	9055	vrouwelijke voornaam
Anneke	8968	vrouwelijke voornaam
Sarah	8956	vrouwelijke voornaam
Martine	8878	vrouwelijke voornaam
Hendrina	8792	vrouwelijke voornaam
Natasja	8725	vrouwelijke voornaam
Willy	8650	vrouwelijke voornaam
Magdalena	8647	vrouwelijke voornaam
Lisanne	8552	vrouwelijke voornaam
Renate	8474	vrouwelijke voornaam
Eveline	8459	vrouwelijke voornaam
Jennifer	8432	vrouwelijke voornaam
Samantha	8402	vrouwelijke voornaam
Kirsten	8376	vrouwelijke voornaam
Everdina	8327	vrouwelijke voornaam
Ida	8325	vrouwelijke voornaam
Antoinette	8293	vrouwelijke voornaam
Joanna	8184	vrouwelijke voornaam
Anja	8145	vrouwelijke voornaam
Annie	8038	vrouwelijke voornaam
Irma	8034	vrouwelijke voornaam
Paula	8030	vrouwelijke voornaam
Marina	7997	vrouwelijke voornaam
Stephanie	7986	vrouwelijke voornaam
Brigitte	7979	vrouwelijke voornaam
Susanne	7968	vrouwelijke voornaam
Francina	7918	vrouwelijke voornaam
Gerritdina	7882	vrouwelijke voornaam
Marit	7878	vrouwelijke voornaam
Frederika	7852	vrouwelijke voornaam
Marleen	7802	vrouwelijke voornaam
Hubertina	7779	vrouwelijke voornaam
Fatima	7766	vrouwelijke voornaam
Floor	7670	vrouwelijke voornaam
Roos	7623	vrouwelijke voornaam
Jantina	7516	vrouwelijke voornaam
Jannigje	7451	vrouwelijke voornaam
Isa	7353	vrouwelijke voornaam
Evelien	7340	vrouwelijke voornaam
Louisa	7316	vrouwelijke voornaam
Renske	7267	vrouwelijke voornaam
Rianne	7221	vrouwelijke voornaam
Bertha	7219	vrouwelijke voornaam
Elise	7187	vrouwelijke voornaam
Brenda	7187	vrouwelijke voornaam
Annemieke	7178	vrouwelijke voornaam
Pauline	7165	vrouwelijke voornaam
Susanna	7028	vrouwelijke voornaam
Marjan	6945	vrouwelijke voornaam
Noa	6913	vrouwelijke voornaam
Regina	6910	vrouwelijke voornaam
Agatha	6899	vrouwelijke voornaam
Nikki	6897	vrouwelijke voornaam
Carmen	6835	vrouwelijke voornaam
Cynthia	6830	vrouwelijke voornaam
Antonetta	6792	vrouwelijke voornaam
Ingeborg	6778	vrouwelijke voornaam
Marije	6769	vrouwelijke voornaam
Annette	6766	vrouwelijke voornaam
Lisette	6748	vrouwelijke voornaam
Rosa	6717	vrouwelijke voornaam
Janny	6717	vrouwelijke voornaam
Geesje	6694	vrouwelijke voornaam
Wilma	6673	vrouwelijke voornaam
Silvia	6648	vrouwelijke voornaam
Andrea	6606	vrouwelijke voornaam
Clasina	6546	vrouwelijke voornaam
Henriette	6505	vrouwelijke voornaam
Margriet	6452	vrouwelijke voornaam
Zoë	6431	vrouwelijke voornaam
Henderika	6428	vrouwelijke voornaam
Edith	6425	vrouwelijke voornaam
Deborah	6378	vrouwelijke voornaam
Gerdina	6368	vrouwelijke voornaam
Teuntje	6356	vrouwelijke voornaam
Jannie	6336	vrouwelijke voornaam
Danique	6265	vrouwelijke voornaam
Mariëlle	6236	vrouwelijke voornaam
Christine	6208	vrouwelijke voornaam
Engelina	6202	vrouwelijke voornaam
Priscilla	6178	vrouwelijke voornaam
Robin	6153	vrouwelijke voornaam
Josephine	6151	vrouwelijke voornaam
Jansje	6134	vrouwelijke voornaam
Dorothea	6125	vrouwelijke voornaam
Jasmijn	6113	vrouwelijke voornaam
Amy	6092	vrouwelijke voornaam
Myrthe	6077	vrouwelijke voornaam
Rachel	5981	vrouwelijke voornaam
Renée	5946	vrouwelijke voornaam
Annigje	5852	vrouwelijke voornaam
Klazina	5832	vrouwelijke voornaam
Kimberley	5809	vrouwelijke voornaam
Lydia	5791	vrouwelijke voornaam
Suzanna	5656	vrouwelijke voornaam
Miriam	5651	vrouwelijke voornaam
Natascha	5640	vrouwelijke voornaam
Esmee	5581	vrouwelijke voornaam
Loes	5579	vrouwelijke voornaam
Gezina	5565	vrouwelijke voornaam
Susan	5559	vrouwelijke voornaam
Alberdina	5522	vrouwelijke voornaam
Fenna	5493	vrouwelijke voornaam
Lynn	5484	vrouwelijke voornaam
Yvette	5459	vrouwelijke voornaam
Tanja	5445	vrouwelijke voornaam
Anke	5433	vrouwelijke voornaam
Milou	5393	vrouwelijke voornaam
Clara	5388	vrouwelijke voornaam
Marja	5365	vrouwelijke voornaam
Jenny	5356	vrouwelijke voornaam
Kimberly	5334	vrouwelijke voornaam
Shirley	5328	vrouwelijke voornaam
Olga	5322	vrouwelijke voornaam
Alberta	5309	vrouwelijke voornaam
José	5247	vrouwelijke voornaam
Nelly	5224	vrouwelijke voornaam
Tess	5146	vrouwelijke voornaam
Hendrica	5140	vrouwelijke voornaam
Aartje	5126	vrouwelijke voornaam
Dominique	5115	vrouwelijke voornaam
Sabrina	5109	vrouwelijke voornaam
Nadia	5100	vrouwelijke voornaam
Janke	5098	vrouwelijke voornaam
Daisy	5081	vrouwelijke voornaam
Alice	5073	vrouwelijke voornaam
Rosalie	5064	vrouwelijke voornaam
Mathilda	5047	vrouwelijke voornaam
Annelies	5034	vrouwelijke voornaam
Janine	5017	vrouwelijke voornaam
Rebecca	4901	vrouwelijke voornaam
Willempje	4897	vrouwelijke voornaam
Bernardina	4892	vrouwelijke voornaam
Bernadette	4869	vrouwelijke voornaam
Jeanette	4810	vrouwelijke voornaam
Margje	4767	vrouwelijke voornaam
Lianne	4737	vrouwelijke voornaam
Esmée	4722	vrouwelijke voornaam
Aukje	4713	vrouwelijke voornaam
Froukje	4698	vrouwelijke voornaam
Cecilia	4658	vrouwelijke voornaam
Elisa	4632	vrouwelijke voornaam
Amanda	4629	vrouwelijke voornaam
Carola	4619	vrouwelijke voornaam
Hillegonda	4616	vrouwelijke voornaam
Meike	4614	vrouwelijke voornaam
Lara	4600	vrouwelijke voornaam
Karen	4590	vrouwelijke voornaam
Lilian	4585	vrouwelijke voornaam
Anthonia	4581	vrouwelijke voornaam
Grada	4569	vrouwelijke voornaam
Jeltje	4550	vrouwelijke voornaam
Nynke	4540	vrouwelijke voornaam
Jill	4520	vrouwelijke voornaam
Elly	4470	vrouwelijke voornaam
Bo	4441	vrouwelijke voornaam
Isabella	4430	vrouwelijke voornaam
Maureen	4423	vrouwelijke voornaam
Josepha	4412	vrouwelijke voornaam
Nadine	4391	vrouwelijke voornaam
Hester	4379	vrouwelijke voornaam
Isabel	4365	vrouwelijke voornaam
Isabelle	4301	vrouwelijke voornaam
Veronica	4298	vrouwelijke voornaam
Luna	4296	vrouwelijke voornaam
Marian	4279	vrouwelijke voornaam
Tjitske	4271	vrouwelijke voornaam
Sterre	4245	vrouwelijke voornaam
Harmina	4222	vrouwelijke voornaam
Pietertje	4215	vrouwelijke voornaam
Elsje	4211	vrouwelijke voornaam
Gerardina	4200	vrouwelijke voornaam
Sietske	4199	vrouwelijke voornaam
Josina	4191	vrouwelijke voornaam
Roelofje	4171	vrouwelijke voornaam
Karlijn	4144	vrouwelijke voornaam
Maatje	4143	vrouwelijke voornaam
Fatma	4130	vrouwelijke voornaam
Sjoukje	4116	vrouwelijke voornaam
Larissa	4107	vrouwelijke voornaam
Mieke	4102	vrouwelijke voornaam
Bente	4068	vrouwelijke voornaam
Stefanie	4030	vrouwelijke voornaam
Klaasje	4027	vrouwelijke voornaam
Jeanne	4018	vrouwelijke voornaam
Jenneke	4017	vrouwelijke voornaam
Hanneke	3984	vrouwelijke voornaam
Wietske	3980	vrouwelijke voornaam
Ivonne	3944	vrouwelijke voornaam
Eleonora	3940	vrouwelijke voornaam
Sofie	3902	vrouwelijke voornaam
Pietje	3900	vrouwelijke voornaam
Yolanda	3884	vrouwelijke voornaam
Gesina	3869	vrouwelijke voornaam
Hilde	3844	vrouwelijke voornaam
Nicolette	3824	vrouwelijke voornaam
Marlies	3817	vrouwelijke voornaam
Margot	3813	vrouwelijke voornaam
Allegonda	3798	vrouwelijke voornaam
Joke	3793	vrouwelijke voornaam
Katharina	3777	vrouwelijke voornaam
Hannah	3774	vrouwelijke voornaam
Aafke	3760	vrouwelijke voornaam
Gertrudis	3756	vrouwelijke voornaam
Erna	3754	vrouwelijke voornaam
Ashley	3726	vrouwelijke voornaam
Debby	3724	vrouwelijke voornaam
Baukje	3713	vrouwelijke voornaam
Jacomina	3700	vrouwelijke voornaam
Nora	3690	vrouwelijke voornaam
Veerle	3686	vrouwelijke voornaam
Hanna	3679	vrouwelijke voornaam
Danielle	3675	vrouwelijke voornaam
Willemijntje	3673	vrouwelijke voornaam
Mathilde	3616	vrouwelijke voornaam
Hilda	3612	vrouwelijke voornaam
Christel	3594	vrouwelijke voornaam
Adriaantje	3592	vrouwelijke voornaam
Martje	3577	vrouwelijke voornaam
Mireille	3564	vrouwelijke voornaam
Ruth	3533	vrouwelijke voornaam
Hiltje	3528	vrouwelijke voornaam
Kyra	3521	vrouwelijke voornaam
Albertha	3505	vrouwelijke voornaam
Indy	3504	vrouwelijke voornaam
Tineke	3487	vrouwelijke voornaam
Lamberta	3479	vrouwelijke voornaam
Erica	3474	vrouwelijke voornaam
Geertruda	3436	vrouwelijke voornaam
Evertje	3428	vrouwelijke voornaam
Mary	3397	vrouwelijke voornaam
Liesbeth	3385	vrouwelijke voornaam
Gerharda	3383	vrouwelijke voornaam
Marjolijn	3382	vrouwelijke voornaam
Carolien	3369	vrouwelijke voornaam
Aagje	3345	vrouwelijke voornaam
Carlijn	3335	vrouwelijke voornaam
Rosanne	3329	vrouwelijke voornaam
Julie	3329	vrouwelijke voornaam
Imke	3321	vrouwelijke voornaam
Angelina	3287	vrouwelijke voornaam
Ineke	3287	vrouwelijke voornaam
Désirée	3286	vrouwelijke voornaam
Marjon	3279	vrouwelijke voornaam
Debbie	3278	vrouwelijke voornaam
Thi	3275	vrouwelijke voornaam
Albertje	3270	vrouwelijke voornaam
Gijsbertha	3257	vrouwelijke voornaam
Jentje	3253	vrouwelijke voornaam
Noortje	3245	vrouwelijke voornaam
Debora	3232	vrouwelijke voornaam
Vivian	3213	vrouwelijke voornaam
Marrigje	3202	vrouwelijke voornaam
Samira	3186	vrouwelijke voornaam
Antoinetta	3182	vrouwelijke voornaam
Thea	3167	vrouwelijke voornaam
Lonneke	3158	vrouwelijke voornaam
Vanessa	3154	vrouwelijke voornaam
Rita	3148	vrouwelijke voornaam
Willemijn	3146	vrouwelijke voornaam
Gijsberta	3141	vrouwelijke voornaam
Leentje	3134	vrouwelijke voornaam
Minke	3134	vrouwelijke voornaam
Heidi	3125	vrouwelijke voornaam
Arnolda	3118	vrouwelijke voornaam
Suzan	3114	vrouwelijke voornaam
Evi	3104	vrouwelijke voornaam
Noor	3099	vrouwelijke voornaam
Peggy	3099	vrouwelijke voornaam
Puck	3087	vrouwelijke voornaam
Jitske	3087	vrouwelijke voornaam
Esmeralda	3058	vrouwelijke voornaam
Manuela	3030	vrouwelijke voornaam
Kiki	3028	vrouwelijke voornaam
Gerrigje	2997	vrouwelijke voornaam
Senna	2990	vrouwelijke voornaam
Ramona	2976	vrouwelijke voornaam
Zwaantje	2970	vrouwelijke voornaam
Annemiek	2961	vrouwelijke voornaam
Mila	2960	vrouwelijke voornaam
Trientje	2948	vrouwelijke voornaam
Leonarda	2938	vrouwelijke voornaam
Brigitta	2913	vrouwelijke voornaam
Yara	2898	vrouwelijke voornaam
Madelon	2896	vrouwelijke voornaam
Reina	2892	vrouwelijke voornaam
Beatrix	2857	vrouwelijke voornaam
Henny	2853	vrouwelijke voornaam
Heleen	2843	vrouwelijke voornaam
Klasina	2843	vrouwelijke voornaam
Mirthe	2833	vrouwelijke voornaam
Ester	2831	vrouwelijke voornaam
Kitty	2828	vrouwelijke voornaam
Claire	2824	vrouwelijke voornaam
Harmke	2816	vrouwelijke voornaam
Angélique	2793	vrouwelijke voornaam
Selma	2792	vrouwelijke voornaam
Tara	2786	vrouwelijke voornaam
Valerie	2775	vrouwelijke voornaam
Juliana	2773	vrouwelijke voornaam
Celine	2769	vrouwelijke voornaam
Floortje	2767	vrouwelijke voornaam
Lina	2761	vrouwelijke voornaam
Joëlle	2757	vrouwelijke voornaam
Pien	2731	vrouwelijke voornaam
Silke	2724	vrouwelijke voornaam
Ina	2693	vrouwelijke voornaam
Sandy	2686	vrouwelijke voornaam
Akke	2683	vrouwelijke voornaam
Dewi	2660	vrouwelijke voornaam
Kristel	2647	vrouwelijke voornaam
Gemma	2646	vrouwelijke voornaam
Desirée	2636	vrouwelijke voornaam
Mina	2630	vrouwelijke voornaam
Geeske	2617	vrouwelijke voornaam
Loïs	2614	vrouwelijke voornaam
Natalie	2610	vrouwelijke voornaam
Maxime	2599	vrouwelijke voornaam
Gabriëlle	2584	vrouwelijke voornaam
Annechien	2580	vrouwelijke voornaam
Emily	2565	vrouwelijke voornaam
Quinty	2554	vrouwelijke voornaam
Elvira	2553	vrouwelijke voornaam
Aniek	2544	vrouwelijke voornaam
Kayleigh	2541	vrouwelijke voornaam
Kaylee	2521	vrouwelijke voornaam
Soraya	2520	vrouwelijke voornaam
Hatice	2519	vrouwelijke voornaam
Jade	2519	vrouwelijke voornaam
Aletta	2518	vrouwelijke voornaam
Hilligje	2518	vrouwelijke voornaam
Jeanine	2506	vrouwelijke voornaam
Gerrie	2500	vrouwelijke voornaam
Sam	2499	vrouwelijke voornaam
Juliette	2488	vrouwelijke voornaam
Helga	2481	vrouwelijke voornaam
Ursula	2477	vrouwelijke voornaam
Linde	2476	vrouwelijke voornaam
Belinda	2467	vrouwelijke voornaam
Anje	2465	vrouwelijke voornaam
Rinske	2464	vrouwelijke voornaam
Moniek	2451	vrouwelijke voornaam
Arendina	2437	vrouwelijke voornaam
Jozina	2417	vrouwelijke voornaam
Dana	2406	vrouwelijke voornaam
Elke	2403	vrouwelijke voornaam
Paulien	2397	vrouwelijke voornaam
Marcella	2397	vrouwelijke voornaam
Jamie	2382	vrouwelijke voornaam
Corine	2371	vrouwelijke voornaam
Nicky	2370	vrouwelijke voornaam
Huberdina	2362	vrouwelijke voornaam
Else	2357	vrouwelijke voornaam
Nikita	2354	vrouwelijke voornaam
Megan	2344	vrouwelijke voornaam
Nanda	2344	vrouwelijke voornaam
Ella	2340	vrouwelijke voornaam
Jantine	2337	vrouwelijke voornaam
Cheyenne	2336	vrouwelijke voornaam
Helen	2335	vrouwelijke voornaam
Janet	2328	vrouwelijke voornaam
Emmy	2320	vrouwelijke voornaam
Mara	2318	vrouwelijke voornaam
Khadija	2310	vrouwelijke voornaam
Margreet	2308	vrouwelijke voornaam
Roxanne	2303	vrouwelijke voornaam
Dorien	2298	vrouwelijke voornaam
Christa	2289	vrouwelijke voornaam
Sacha	2272	vrouwelijke voornaam
Geertrui	2272	vrouwelijke voornaam
Helene	2270	vrouwelijke voornaam
Aafje	2268	vrouwelijke voornaam
Joy	2267	vrouwelijke voornaam
Babette	2263	vrouwelijke voornaam
Corina	2263	vrouwelijke voornaam
Dieuwke	2252	vrouwelijke voornaam
Ria	2250	vrouwelijke voornaam
Greta	2241	vrouwelijke voornaam
Lijntje	2240	vrouwelijke voornaam
Clazina	2239	vrouwelijke voornaam
Stella	2231	vrouwelijke voornaam
Apolonia	2228	vrouwelijke voornaam
Margo	2223	vrouwelijke voornaam
Nicoline	2219	vrouwelijke voornaam
Marissa	2216	vrouwelijke voornaam
Huberta	2200	vrouwelijke voornaam
Arendje	2183	vrouwelijke voornaam
Emine	2182	vrouwelijke voornaam
Jennigje	2166	vrouwelijke voornaam
Veronique	2165	vrouwelijke voornaam
Femmigje	2145	vrouwelijke voornaam
Constance	2142	vrouwelijke voornaam
	2141	vrouwelijke voornaam
Sigrid	2138	vrouwelijke voornaam
Alicia	2125	vrouwelijke voornaam
Sabina	2097	vrouwelijke voornaam
Dagmar	2094	vrouwelijke voornaam
Mariëtte	2093	vrouwelijke voornaam
Hermanna	2091	vrouwelijke voornaam
Liza	2087	vrouwelijke voornaam
Audrey	2083	vrouwelijke voornaam
Alie	2079	vrouwelijke voornaam
Diane	2069	vrouwelijke voornaam
Jolien	2063	vrouwelijke voornaam
Janne	2062	vrouwelijke voornaam
Albertina	2060	vrouwelijke voornaam
Albertine	2050	vrouwelijke voornaam
Donna	2044	vrouwelijke voornaam
Tonia	2034	vrouwelijke voornaam
Afra	2031	vrouwelijke voornaam
Joanne	2027	vrouwelijke voornaam
Hedwig	2024	vrouwelijke voornaam
Egberdina	2020	vrouwelijke voornaam
Charissa	2019	vrouwelijke voornaam
Mirte	2009	vrouwelijke voornaam
Malika	2008	vrouwelijke voornaam
Jantien	2007	vrouwelijke voornaam
Jetske	2003	vrouwelijke voornaam
Desiree	1998	vrouwelijke voornaam
Jessie	1994	vrouwelijke voornaam
Sylvana	1987	vrouwelijke voornaam
Lindsey	1981	vrouwelijke voornaam
Fenne	1979	vrouwelijke voornaam
Erika	1978	vrouwelijke voornaam
Stijntje	1975	vrouwelijke voornaam
Hinke	1967	vrouwelijke voornaam
Tine	1967	vrouwelijke voornaam
Evelyn	1963	vrouwelijke voornaam
Merle	1962	vrouwelijke voornaam
Mirella	1961	vrouwelijke voornaam
Isis	1961	vrouwelijke voornaam
Guusje	1957	vrouwelijke voornaam
Els	1949	vrouwelijke voornaam
Joan	1938	vrouwelijke voornaam
Elske	1936	vrouwelijke voornaam
Noëlle	1934	vrouwelijke voornaam
Annika	1932	vrouwelijke voornaam
Katja	1921	vrouwelijke voornaam
Madeleine	1920	vrouwelijke voornaam
Mascha	1912	vrouwelijke voornaam
Wanda	1912	vrouwelijke voornaam
Hélène	1903	vrouwelijke voornaam
Eefje	1897	vrouwelijke voornaam
Karina	1887	vrouwelijke voornaam
Hermine	1869	vrouwelijke voornaam
Evy	1868	vrouwelijke voornaam
Elena	1867	vrouwelijke voornaam
Fabiënne	1862	vrouwelijke voornaam
Marjanne	1861	vrouwelijke voornaam
Madelief	1851	vrouwelijke voornaam
Bastiaantje	1848	vrouwelijke voornaam
Anne-Marie	1847	vrouwelijke voornaam
Emilie	1842	vrouwelijke voornaam
Aldegonda	1836	vrouwelijke voornaam
Lamberdina	1835	vrouwelijke voornaam
Ilonka	1827	vrouwelijke voornaam
Jane	1824	vrouwelijke voornaam
Klaaske	1824	vrouwelijke voornaam
Gretha	1823	vrouwelijke voornaam
Gaby	1806	vrouwelijke voornaam
Sascha	1802	vrouwelijke voornaam
Lizzy	1799	vrouwelijke voornaam
Zeynep	1795	vrouwelijke voornaam
Jet	1791	vrouwelijke voornaam
Gwen	1779	vrouwelijke voornaam
Marianna	1774	vrouwelijke voornaam
Derkje	1770	vrouwelijke voornaam
Esra	1764	vrouwelijke voornaam
Francis	1762	vrouwelijke voornaam
Metje	1758	vrouwelijke voornaam
Ruby	1758	vrouwelijke voornaam
Pamela	1758	vrouwelijke voornaam
Boukje	1757	vrouwelijke voornaam
Annet	1755	vrouwelijke voornaam
Rosita	1748	vrouwelijke voornaam
Selina	1743	vrouwelijke voornaam
Rika	1741	vrouwelijke voornaam
Suze	1740	vrouwelijke voornaam
Fiona	1738	vrouwelijke voornaam
Annetje	1733	vrouwelijke voornaam
Bernarda	1726	vrouwelijke voornaam
Birgit	1724	vrouwelijke voornaam
Liselotte	1721	vrouwelijke voornaam
Hillechien	1721	vrouwelijke voornaam
Jamila	1717	vrouwelijke voornaam
Yasmine	1716	vrouwelijke voornaam
Renata	1714	vrouwelijke voornaam
Geessien	1706	vrouwelijke voornaam
Berdina	1706	vrouwelijke voornaam
Shannon	1690	vrouwelijke voornaam
Kornelia	1687	vrouwelijke voornaam
Pleun	1685	vrouwelijke voornaam
Hetty	1684	vrouwelijke voornaam
Gina	1683	vrouwelijke voornaam
Heintje	1683	vrouwelijke voornaam
Olivia	1679	vrouwelijke voornaam
Fokje	1677	vrouwelijke voornaam
Benthe	1676	vrouwelijke voornaam
Karima	1676	vrouwelijke voornaam
Inez	1671	vrouwelijke voornaam
Lidwina	1665	vrouwelijke voornaam
Bregje	1660	vrouwelijke voornaam
Florence	1656	vrouwelijke voornaam
Arina	1651	vrouwelijke voornaam
Ellis	1651	vrouwelijke voornaam
Juliëtte	1651	vrouwelijke voornaam
Dieuwertje	1651	vrouwelijke voornaam
Daniëlla	1648	vrouwelijke voornaam
Nellie	1646	vrouwelijke voornaam
Sheila	1641	vrouwelijke voornaam
Jannette	1641	vrouwelijke voornaam
Dionne	1632	vrouwelijke voornaam
Lindsay	1632	vrouwelijke voornaam
Rosalia	1631	vrouwelijke voornaam
Meryem	1629	vrouwelijke voornaam
Niesje	1629	vrouwelijke voornaam
Sofia	1626	vrouwelijke voornaam
Dingena	1625	vrouwelijke voornaam
Anniek	1622	vrouwelijke voornaam
Monika	1622	vrouwelijke voornaam
Eliza	1619	vrouwelijke voornaam
Felicia	1618	vrouwelijke voornaam
Amina	1613	vrouwelijke voornaam
Wijnanda	1612	vrouwelijke voornaam
Marretje	1609	vrouwelijke voornaam
Rowena	1609	vrouwelijke voornaam
Fay	1594	vrouwelijke voornaam
Rachida	1591	vrouwelijke voornaam
Willemke	1578	vrouwelijke voornaam
Joukje	1578	vrouwelijke voornaam
Elsa	1576	vrouwelijke voornaam
Gertrude	1573	vrouwelijke voornaam
Marga	1570	vrouwelijke voornaam
Manouk	1567	vrouwelijke voornaam
Bibi	1557	vrouwelijke voornaam
Herma	1553	vrouwelijke voornaam
Annabel	1550	vrouwelijke voornaam
Victoria	1543	vrouwelijke voornaam
Sijtske	1540	vrouwelijke voornaam
Frieda	1535	vrouwelijke voornaam
Alyssa	1534	vrouwelijke voornaam
Marlou	1533	vrouwelijke voornaam
Lambertha	1529	vrouwelijke voornaam
Fabienne	1528	vrouwelijke voornaam
Dianne	1528	vrouwelijke voornaam
Marchien	1528	vrouwelijke voornaam
Reintje	1527	vrouwelijke voornaam
Philomena	1526	vrouwelijke voornaam
Rachelle	1526	vrouwelijke voornaam
Greetje	1521	vrouwelijke voornaam
Machteld	1520	vrouwelijke voornaam
Ana	1516	vrouwelijke voornaam
Jolijn	1513	vrouwelijke voornaam
Sharona	1506	vrouwelijke voornaam
Maike	1501	vrouwelijke voornaam
Ada	1496	vrouwelijke voornaam
Imane	1493	vrouwelijke voornaam
Jenneken	1489	vrouwelijke voornaam
Barbera	1488	vrouwelijke voornaam
Beau	1486	vrouwelijke voornaam
Jaimy	1482	vrouwelijke voornaam
Famke	1481	vrouwelijke voornaam
Yasmin	1480	vrouwelijke voornaam
Laurentia	1480	vrouwelijke voornaam
Malou	1476	vrouwelijke voornaam
Cato	1474	vrouwelijke voornaam
Willeke	1471	vrouwelijke voornaam
Krista	1470	vrouwelijke voornaam
Rozemarijn	1465	vrouwelijke voornaam
Heiltje	1464	vrouwelijke voornaam
Carina	1463	vrouwelijke voornaam
Marijn	1462	vrouwelijke voornaam
Thirza	1462	vrouwelijke voornaam
Tietje	1461	vrouwelijke voornaam
Goverdina	1459	vrouwelijke voornaam
Lucie	1457	vrouwelijke voornaam
Leuntje	1454	vrouwelijke voornaam
Mechelina	1454	vrouwelijke voornaam
Margaret	1451	vrouwelijke voornaam
Frederique	1443	vrouwelijke voornaam
Lieve	1442	vrouwelijke voornaam
Aimée	1440	vrouwelijke voornaam
Arnoldina	1437	vrouwelijke voornaam
Roelfina	1425	vrouwelijke voornaam
Lise	1421	vrouwelijke voornaam
Pietronella	1419	vrouwelijke voornaam
Titia	1418	vrouwelijke voornaam
Leonora	1417	vrouwelijke voornaam
Fatiha	1406	vrouwelijke voornaam
Elif	1401	vrouwelijke voornaam
Ali	1397	vrouwelijke voornaam
Marie-Louise	1396	vrouwelijke voornaam
Gertrud	1387	vrouwelijke voornaam
Meta	1386	vrouwelijke voornaam
Ilja	1386	vrouwelijke voornaam
Geziena	1383	vrouwelijke voornaam
Amal	1376	vrouwelijke voornaam
Elles	1376	vrouwelijke voornaam
Hennie	1373	vrouwelijke voornaam
Patty	1370	vrouwelijke voornaam
Chiara	1370	vrouwelijke voornaam
Feline	1369	vrouwelijke voornaam
Eugenie	1366	vrouwelijke voornaam
Ardina	1362	vrouwelijke voornaam
Céline	1362	vrouwelijke voornaam
Jolande	1362	vrouwelijke voornaam
Serena	1361	vrouwelijke voornaam
Angelica	1359	vrouwelijke voornaam
Klaske	1358	vrouwelijke voornaam
Elize	1351	vrouwelijke voornaam
Harmanna	1350	vrouwelijke voornaam
Lucienne	1346	vrouwelijke voornaam
Renee	1342	vrouwelijke voornaam
Leontine	1340	vrouwelijke voornaam
Caitlin	1337	vrouwelijke voornaam
Silvana	1336	vrouwelijke voornaam
Jozefina	1336	vrouwelijke voornaam
Yasmina	1332	vrouwelijke voornaam
Lola	1326	vrouwelijke voornaam
Liz	1325	vrouwelijke voornaam
Flora	1318	vrouwelijke voornaam
Laila	1315	vrouwelijke voornaam
Elin	1312	vrouwelijke voornaam
Marcia	1312	vrouwelijke voornaam
Zahra	1309	vrouwelijke voornaam
Lindy	1307	vrouwelijke voornaam
Youssra	1297	vrouwelijke voornaam
Talitha	1292	vrouwelijke voornaam
Mette	1272	vrouwelijke voornaam
Klara	1271	vrouwelijke voornaam
Jacobje	1270	vrouwelijke voornaam
Latifa	1267	vrouwelijke voornaam
Rosemarie	1266	vrouwelijke voornaam
Pascalle	1265	vrouwelijke voornaam
Maya	1259	vrouwelijke voornaam
Marijtje	1255	vrouwelijke voornaam
Gabriëlla	1255	vrouwelijke voornaam
Nova	1246	vrouwelijke voornaam
Naima	1239	vrouwelijke voornaam
Berber	1235	vrouwelijke voornaam
Nelleke	1234	vrouwelijke voornaam
Afke	1233	vrouwelijke voornaam
Maryam	1232	vrouwelijke voornaam
Grace	1227	vrouwelijke voornaam
Myrna	1226	vrouwelijke voornaam
Aya	1226	vrouwelijke voornaam
Alma	1225	vrouwelijke voornaam
Pascale	1223	vrouwelijke voornaam
Barendina	1222	vrouwelijke voornaam
Marlene	1221	vrouwelijke voornaam
Arianne	1217	vrouwelijke voornaam
Merve	1215	vrouwelijke voornaam
Juul	1212	vrouwelijke voornaam
Augusta	1210	vrouwelijke voornaam
Katinka	1210	vrouwelijke voornaam
Rabia	1209	vrouwelijke voornaam
Tannetje	1209	vrouwelijke voornaam
Roelfien	1206	vrouwelijke voornaam
Lauren	1204	vrouwelijke voornaam
Cora	1203	vrouwelijke voornaam
Chayenne	1201	vrouwelijke voornaam
Gwendolyn	1201	vrouwelijke voornaam
Faye	1197	vrouwelijke voornaam
Conny	1196	vrouwelijke voornaam
Chelsea	1195	vrouwelijke voornaam
Anneloes	1194	vrouwelijke voornaam
Aline	1191	vrouwelijke voornaam
Liv	1189	vrouwelijke voornaam
Dorine	1189	vrouwelijke voornaam
Cheryl	1180	vrouwelijke voornaam
Saida	1177	vrouwelijke voornaam
Hajar	1175	vrouwelijke voornaam
Birgitta	1169	vrouwelijke voornaam
Dora	1168	vrouwelijke voornaam
Farida	1166	vrouwelijke voornaam
Tamar	1165	vrouwelijke voornaam
Odette	1164	vrouwelijke voornaam
Corinne	1161	vrouwelijke voornaam
Mariam	1158	vrouwelijke voornaam
Evelina	1157	vrouwelijke voornaam
Janette	1157	vrouwelijke voornaam
Corrie	1157	vrouwelijke voornaam
Christiana	1152	vrouwelijke voornaam
Lois	1150	vrouwelijke voornaam
Siham	1149	vrouwelijke voornaam
Bastiana	1148	vrouwelijke voornaam
Hinderika	1145	vrouwelijke voornaam
Sijke	1143	vrouwelijke voornaam
Fredrika	1139	vrouwelijke voornaam
Irmgard	1137	vrouwelijke voornaam
Huiberdina	1131	vrouwelijke voornaam
Stientje	1130	vrouwelijke voornaam
Liduina	1129	vrouwelijke voornaam
Aria	1127	vrouwelijke voornaam
Willemtje	1127	vrouwelijke voornaam
Aicha	1127	vrouwelijke voornaam
Lammigje	1122	vrouwelijke voornaam
Jorien	1120	vrouwelijke voornaam
Dimphna	1119	vrouwelijke voornaam
Chloë	1119	vrouwelijke voornaam
Willemien	1116	vrouwelijke voornaam
Angeline	1116	vrouwelijke voornaam
Lana	1114	vrouwelijke voornaam
Gea	1114	vrouwelijke voornaam
Shanna	1111	vrouwelijke voornaam
Kelsey	1111	vrouwelijke voornaam
Stéphanie	1110	vrouwelijke voornaam
Franciska	1107	vrouwelijke voornaam
Mare	1107	vrouwelijke voornaam
Geraldine	1104	vrouwelijke voornaam
Godefrida	1104	vrouwelijke voornaam
Mildred	1100	vrouwelijke voornaam
Marike	1096	vrouwelijke voornaam
Gepke	1095	vrouwelijke voornaam
Frederica	1095	vrouwelijke voornaam
Engeltje	1093	vrouwelijke voornaam
Linsey	1092	vrouwelijke voornaam
Eelkje	1090	vrouwelijke voornaam
Margretha	1086	vrouwelijke voornaam
Virginia	1083	vrouwelijke voornaam
Amira	1081	vrouwelijke voornaam
Frederike	1081	vrouwelijke voornaam
Françoise	1071	vrouwelijke voornaam
Tiny	1067	vrouwelijke voornaam
Hildegard	1064	vrouwelijke voornaam
Gerry	1064	vrouwelijke voornaam
Eleonore	1058	vrouwelijke voornaam
Tirza	1057	vrouwelijke voornaam
Mayke	1056	vrouwelijke voornaam
Yasemin	1054	vrouwelijke voornaam
Marrit	1053	vrouwelijke voornaam
Truus	1052	vrouwelijke voornaam
Frédérique	1052	vrouwelijke voornaam
Layla	1052	vrouwelijke voornaam
Lammechien	1049	vrouwelijke voornaam
Euphemia	1048	vrouwelijke voornaam
Celina	1047	vrouwelijke voornaam
Salma	1046	vrouwelijke voornaam
Suus	1046	vrouwelijke voornaam
Divera	1045	vrouwelijke voornaam
Rose	1038	vrouwelijke voornaam
Marlous	1037	vrouwelijke voornaam
Kyara	1036	vrouwelijke voornaam
Lobke	1028	vrouwelijke voornaam
Lea	1028	vrouwelijke voornaam
Wijtske	1027	vrouwelijke voornaam
Natasha	1026	vrouwelijke voornaam
Ayla	1025	vrouwelijke voornaam
Annemijn	1023	vrouwelijke voornaam
Geerdina	1019	vrouwelijke voornaam
Dilara	1017	vrouwelijke voornaam
Leanne	1016	vrouwelijke voornaam
Magda	1015	vrouwelijke voornaam
Gijsbertje	1015	vrouwelijke voornaam
Gisela	1014	vrouwelijke voornaam
Daniek	1013	vrouwelijke voornaam
Jantiena	1012	vrouwelijke voornaam
Hanane	1012	vrouwelijke voornaam
Farah	1012	vrouwelijke voornaam
Josine	1011	vrouwelijke voornaam
Teuna	1010	vrouwelijke voornaam
Leyla	1008	vrouwelijke voornaam
Willie	1006	vrouwelijke voornaam
Evie	1002	vrouwelijke voornaam
Jaantje	1002	vrouwelijke voornaam
Sarina	996	vrouwelijke voornaam
Odilia	994	vrouwelijke voornaam
Romana	989	vrouwelijke voornaam
Jennie	986	vrouwelijke voornaam
Helma	985	vrouwelijke voornaam
Tetje	984	vrouwelijke voornaam
Annick	983	vrouwelijke voornaam
Wilhelmine	978	vrouwelijke voornaam
Laurina	978	vrouwelijke voornaam
Najat	977	vrouwelijke voornaam
Jente	975	vrouwelijke voornaam
Stacey	974	vrouwelijke voornaam
Yolande	974	vrouwelijke voornaam
Hinderkien	973	vrouwelijke voornaam
Nicolle	973	vrouwelijke voornaam
Michèle	973	vrouwelijke voornaam
Emilia	967	vrouwelijke voornaam
Lucy	967	vrouwelijke voornaam
Alijda	965	vrouwelijke voornaam
Ciska	963	vrouwelijke voornaam
Pleuntje	962	vrouwelijke voornaam
Anny	960	vrouwelijke voornaam
Celeste	958	vrouwelijke voornaam
Wendelina	956	vrouwelijke voornaam
Lutske	956	vrouwelijke voornaam
Betty	955	vrouwelijke voornaam
Augustina	954	vrouwelijke voornaam
Margrietha	951	vrouwelijke voornaam
Norah	948	vrouwelijke voornaam
Wijntje	941	vrouwelijke voornaam
Catherine	933	vrouwelijke voornaam
Fiene	927	vrouwelijke voornaam
Florine	927	vrouwelijke voornaam
Martijntje	925	vrouwelijke voornaam
Marjo	925	vrouwelijke voornaam
Wieke	924	vrouwelijke voornaam
Maja	924	vrouwelijke voornaam
Ikram	923	vrouwelijke voornaam
Theadora	923	vrouwelijke voornaam
Lian	922	vrouwelijke voornaam
Roelina	921	vrouwelijke voornaam
Zehra	919	vrouwelijke voornaam
Roosmarijn	919	vrouwelijke voornaam
Jakoba	918	vrouwelijke voornaam
Marsha	915	vrouwelijke voornaam
Luca	914	vrouwelijke voornaam
Doris	914	vrouwelijke voornaam
Mijntje	913	vrouwelijke voornaam
Jip	910	vrouwelijke voornaam
Oumaima	910	vrouwelijke voornaam
Zara	910	vrouwelijke voornaam
Lily	910	vrouwelijke voornaam
Francine	909	vrouwelijke voornaam
Romée	908	vrouwelijke voornaam
Kaoutar	902	vrouwelijke voornaam
Fennigje	901	vrouwelijke voornaam
Hülya	901	vrouwelijke voornaam
Lesley	898	vrouwelijke voornaam
Myra	898	vrouwelijke voornaam
Esma	896	vrouwelijke voornaam
Anissa	894	vrouwelijke voornaam
Bartha	893	vrouwelijke voornaam
Hayat	892	vrouwelijke voornaam
Marjorie	892	vrouwelijke voornaam
Roelie	891	vrouwelijke voornaam
Fien	889	vrouwelijke voornaam
Gabrielle	885	vrouwelijke voornaam
Cecile	885	vrouwelijke voornaam
Muriël	884	vrouwelijke voornaam
Wouterina	882	vrouwelijke voornaam
Berendje	882	vrouwelijke voornaam
Annetta	880	vrouwelijke voornaam
Henrike	876	vrouwelijke voornaam
Rosalina	876	vrouwelijke voornaam
Colinda	875	vrouwelijke voornaam
Jenna	874	vrouwelijke voornaam
Clementine	871	vrouwelijke voornaam
Fieke	870	vrouwelijke voornaam
Hanne	868	vrouwelijke voornaam
Margareta	867	vrouwelijke voornaam
Henrietta	866	vrouwelijke voornaam
Mira	866	vrouwelijke voornaam
Dymphna	866	vrouwelijke voornaam
Angel	866	vrouwelijke voornaam
Richelle	865	vrouwelijke voornaam
Marielle	864	vrouwelijke voornaam
Margarita	864	vrouwelijke voornaam
Diede	864	vrouwelijke voornaam
Yamina	864	vrouwelijke voornaam
Gerridina	863	vrouwelijke voornaam
Sijgje	860	vrouwelijke voornaam
Brechtje	858	vrouwelijke voornaam
Jiska	857	vrouwelijke voornaam
Melisa	855	vrouwelijke voornaam
Ivana	853	vrouwelijke voornaam
Asma	852	vrouwelijke voornaam
Nada	851	vrouwelijke voornaam
Jody	851	vrouwelijke voornaam
Liane	851	vrouwelijke voornaam
Gijsberdina	849	vrouwelijke voornaam
Jikke	849	vrouwelijke voornaam
Jana	849	vrouwelijke voornaam
Elsbeth	848	vrouwelijke voornaam
Teunisje	846	vrouwelijke voornaam
Myriam	844	vrouwelijke voornaam
Manja	842	vrouwelijke voornaam
Rowan	840	vrouwelijke voornaam
Colette	840	vrouwelijke voornaam
Antonette	840	vrouwelijke voornaam
Lysanne	835	vrouwelijke voornaam
Anouschka	834	vrouwelijke voornaam
Marita	833	vrouwelijke voornaam
Dounia	833	vrouwelijke voornaam
Marthe	832	vrouwelijke voornaam
Guurtje	830	vrouwelijke voornaam
Bouchra	828	vrouwelijke voornaam
Mathea	828	vrouwelijke voornaam
Aïcha	827	vrouwelijke voornaam
Henrika	827	vrouwelijke voornaam
Yentl	825	vrouwelijke voornaam
Marlon	825	vrouwelijke voornaam
Corry	823	vrouwelijke voornaam
Lize	823	vrouwelijke voornaam
Mylène	822	vrouwelijke voornaam
Tiffany	821	vrouwelijke voornaam
Halima	820	vrouwelijke voornaam
Anique	816	vrouwelijke voornaam
Estelle	816	vrouwelijke voornaam
Jessy	814	vrouwelijke voornaam
Selena	813	vrouwelijke voornaam
Tatjana	812	vrouwelijke voornaam
Arlette	811	vrouwelijke voornaam
Henderkien	811	vrouwelijke voornaam
Ebru	811	vrouwelijke voornaam
Feikje	810	vrouwelijke voornaam
Bea	804	vrouwelijke voornaam
Fadma	804	vrouwelijke voornaam
Jildou	804	vrouwelijke voornaam
Marjoleine	804	vrouwelijke voornaam
Germaine	804	vrouwelijke voornaam
Anoek	804	vrouwelijke voornaam
IJtje	804	vrouwelijke voornaam
Jara	802	vrouwelijke voornaam
Marigje	800	vrouwelijke voornaam
Derya	799	vrouwelijke voornaam
Valérie	797	vrouwelijke voornaam
Anastasia	794	vrouwelijke voornaam
Özlem	794	vrouwelijke voornaam
Aleyna	793	vrouwelijke voornaam
Amelia	792	vrouwelijke voornaam
Mia	792	vrouwelijke voornaam
Huibertje	792	vrouwelijke voornaam
Caecilia	790	vrouwelijke voornaam
Ankie	790	vrouwelijke voornaam
Catherina	790	vrouwelijke voornaam
Pieterke	788	vrouwelijke voornaam
Rosina	788	vrouwelijke voornaam
Ghislaine	788	vrouwelijke voornaam
Jacquelina	787	vrouwelijke voornaam
Hafida	784	vrouwelijke voornaam
Gijsje	783	vrouwelijke voornaam
Alina	783	vrouwelijke voornaam
Elfriede	783	vrouwelijke voornaam
Saartje	782	vrouwelijke voornaam
Josefina	781	vrouwelijke voornaam
Ivy	781	vrouwelijke voornaam
Véronique	780	vrouwelijke voornaam
Rixt	780	vrouwelijke voornaam
Levina	779	vrouwelijke voornaam
Meintje	779	vrouwelijke voornaam
Thérèse	778	vrouwelijke voornaam
Sylvie	776	vrouwelijke voornaam
Rosan	776	vrouwelijke voornaam
Savannah	774	vrouwelijke voornaam
Viola	773	vrouwelijke voornaam
Geurtje	773	vrouwelijke voornaam
Nena	772	vrouwelijke voornaam
Lenie	772	vrouwelijke voornaam
Janice	772	vrouwelijke voornaam
Elaine	771	vrouwelijke voornaam
Mechtilda	770	vrouwelijke voornaam
Hermien	766	vrouwelijke voornaam
Lidia	765	vrouwelijke voornaam
Leila	764	vrouwelijke voornaam
Saakje	763	vrouwelijke voornaam
Loubna	760	vrouwelijke voornaam
Shania	760	vrouwelijke voornaam
Mijke	759	vrouwelijke voornaam
Natalia	758	vrouwelijke voornaam
Rina	757	vrouwelijke voornaam
Janita	755	vrouwelijke voornaam
Tina	754	vrouwelijke voornaam
Lia	754	vrouwelijke voornaam
Fennechien	753	vrouwelijke voornaam
Ansje	753	vrouwelijke voornaam
Nicolina	751	vrouwelijke voornaam
Georgette	751	vrouwelijke voornaam
Harma	750	vrouwelijke voornaam
Karolina	748	vrouwelijke voornaam
Hiske	748	vrouwelijke voornaam
Fadime	747	vrouwelijke voornaam
Aaltjen	746	vrouwelijke voornaam
Mariette	746	vrouwelijke voornaam
Annemarieke	745	vrouwelijke voornaam
Alisha	745	vrouwelijke voornaam
Johanne	744	vrouwelijke voornaam
Diena	742	vrouwelijke voornaam
Josien	741	vrouwelijke voornaam
Saar	741	vrouwelijke voornaam
Norma	740	vrouwelijke voornaam
Fanny	737	vrouwelijke voornaam
Georgina	736	vrouwelijke voornaam
Egbertje	734	vrouwelijke voornaam
Gertruida	732	vrouwelijke voornaam
Dilek	730	vrouwelijke voornaam
Klaartje	730	vrouwelijke voornaam
Anika	730	vrouwelijke voornaam
Sytske	730	vrouwelijke voornaam
Cathelijne	728	vrouwelijke voornaam
Abigail	727	vrouwelijke voornaam
Harmpje	727	vrouwelijke voornaam
Laurie	726	vrouwelijke voornaam
Pascal	725	vrouwelijke voornaam
Sibel	722	vrouwelijke voornaam
Hedy	721	vrouwelijke voornaam
Franka	721	vrouwelijke voornaam
Naoual	720	vrouwelijke voornaam
Frouke	719	vrouwelijke voornaam
Destiny	719	vrouwelijke voornaam
Ans	718	vrouwelijke voornaam
Chanel	717	vrouwelijke voornaam
Pia	717	vrouwelijke voornaam
Ariaantje	716	vrouwelijke voornaam
Woutera	715	vrouwelijke voornaam
Apollonia	714	vrouwelijke voornaam
Ilham	713	vrouwelijke voornaam
Rosanna	712	vrouwelijke voornaam
Jeanet	712	vrouwelijke voornaam
Ine	711	vrouwelijke voornaam
Nicolien	710	vrouwelijke voornaam
Josefien	708	vrouwelijke voornaam
Anneliese	706	vrouwelijke voornaam
Lucretia	705	vrouwelijke voornaam
Henriëtta	705	vrouwelijke voornaam
Bonnie	703	vrouwelijke voornaam
Gonda	699	vrouwelijke voornaam
Cassandra	697	vrouwelijke voornaam
Yfke	696	vrouwelijke voornaam
Ymke	696	vrouwelijke voornaam
Catharine	695	vrouwelijke voornaam
Ietje	694	vrouwelijke voornaam
Rosalinde	694	vrouwelijke voornaam
Hellen	693	vrouwelijke voornaam
Rebekka	692	vrouwelijke voornaam
Krijntje	691	vrouwelijke voornaam
Riemke	690	vrouwelijke voornaam
Ayse	690	vrouwelijke voornaam
Noah	688	vrouwelijke voornaam
Azra	687	vrouwelijke voornaam
Jaapje	687	vrouwelijke voornaam
Sanna	686	vrouwelijke voornaam
Esmé	686	vrouwelijke voornaam
Jacomijntje	685	vrouwelijke voornaam
Judy	684	vrouwelijke voornaam
Celia	683	vrouwelijke voornaam
Irina	682	vrouwelijke voornaam
Filiz	682	vrouwelijke voornaam
Petertje	680	vrouwelijke voornaam
Wies	679	vrouwelijke voornaam
Quincy	679	vrouwelijke voornaam
Aylin	677	vrouwelijke voornaam
Sibilla	677	vrouwelijke voornaam
Cécile	677	vrouwelijke voornaam
Ingetje	677	vrouwelijke voornaam
Alissa	676	vrouwelijke voornaam
Indra	674	vrouwelijke voornaam
Nicolasina	672	vrouwelijke voornaam
Muriel	672	vrouwelijke voornaam
Tatiana	669	vrouwelijke voornaam
Gabriella	668	vrouwelijke voornaam
Souad	667	vrouwelijke voornaam
Kübra	666	vrouwelijke voornaam
Frederieke	665	vrouwelijke voornaam
Chaima	665	vrouwelijke voornaam
Nadja	664	vrouwelijke voornaam
Quirine	664	vrouwelijke voornaam
Henrieke	663	vrouwelijke voornaam
Sita	662	vrouwelijke voornaam
Justine	661	vrouwelijke voornaam
Betsy	660	vrouwelijke voornaam
Gladys	660	vrouwelijke voornaam
Doetje	660	vrouwelijke voornaam
Hieke	659	vrouwelijke voornaam
Evelyne	658	vrouwelijke voornaam
Marinka	656	vrouwelijke voornaam
Pieterdina	656	vrouwelijke voornaam
Zohra	655	vrouwelijke voornaam
Marcelle	653	vrouwelijke voornaam
Melinda	650	vrouwelijke voornaam
Betje	649	vrouwelijke voornaam
Jasmin	649	vrouwelijke voornaam
Denice	649	vrouwelijke voornaam
Jette	649	vrouwelijke voornaam
Dian	648	vrouwelijke voornaam
Marlène	648	vrouwelijke voornaam
Safae	647	vrouwelijke voornaam
Manou	646	vrouwelijke voornaam
Christianne	645	vrouwelijke voornaam
Hannelore	645	vrouwelijke voornaam
Bettina	642	vrouwelijke voornaam
Soumaya	642	vrouwelijke voornaam
Marie-José	641	vrouwelijke voornaam
Gloria	641	vrouwelijke voornaam
Sanae	641	vrouwelijke voornaam
Sevim	640	vrouwelijke voornaam
Lucinda	639	vrouwelijke voornaam
Berta	639	vrouwelijke voornaam
Selin	639	vrouwelijke voornaam
Sultan	639	vrouwelijke voornaam
Lizette	638	vrouwelijke voornaam
Hielkje	634	vrouwelijke voornaam
Kaatje	633	vrouwelijke voornaam
Marly	632	vrouwelijke voornaam
Habiba	632	vrouwelijke voornaam
Inger	632	vrouwelijke voornaam
Frida	631	vrouwelijke voornaam
Elina	630	vrouwelijke voornaam
Tosca	630	vrouwelijke voornaam
Bernice	628	vrouwelijke voornaam
Annelieke	627	vrouwelijke voornaam
Teresa	627	vrouwelijke voornaam
Gerritjen	627	vrouwelijke voornaam
Jacquelien	624	vrouwelijke voornaam
Robine	624	vrouwelijke voornaam
Annabelle	623	vrouwelijke voornaam
Adelheid	622	vrouwelijke voornaam
Marlijn	621	vrouwelijke voornaam
Verena	620	vrouwelijke voornaam
Lenneke	619	vrouwelijke voornaam
Jeske	618	vrouwelijke voornaam
Margrieta	618	vrouwelijke voornaam
Annegien	618	vrouwelijke voornaam
Liliane	618	vrouwelijke voornaam
Beatrice	618	vrouwelijke voornaam
Salima	617	vrouwelijke voornaam
Roza	617	vrouwelijke voornaam
Niki	617	vrouwelijke voornaam
Sjoerdtje	616	vrouwelijke voornaam
Francien	616	vrouwelijke voornaam
Birgitte	615	vrouwelijke voornaam
Chelsey	615	vrouwelijke voornaam
Florentine	615	vrouwelijke voornaam
Marisa	614	vrouwelijke voornaam
Gerdien	613	vrouwelijke voornaam
Paola	613	vrouwelijke voornaam
Esmay	613	vrouwelijke voornaam
Rian	613	vrouwelijke voornaam
Leontien	612	vrouwelijke voornaam
Jasmine	611	vrouwelijke voornaam
Irène	610	vrouwelijke voornaam
Sabrine	609	vrouwelijke voornaam
Wendela	608	vrouwelijke voornaam
Marguerite	607	vrouwelijke voornaam
Babs	606	vrouwelijke voornaam
Betül	605	vrouwelijke voornaam
Mayra	605	vrouwelijke voornaam
Demy	604	vrouwelijke voornaam
Ilayda	603	vrouwelijke voornaam
Klaziena	603	vrouwelijke voornaam
Eefke	602	vrouwelijke voornaam
Melek	601	vrouwelijke voornaam
Nieske	599	vrouwelijke voornaam
Dimphena	598	vrouwelijke voornaam
Livia	598	vrouwelijke voornaam
Hillechiena	598	vrouwelijke voornaam
Laetitia	598	vrouwelijke voornaam
Marietje	598	vrouwelijke voornaam
Maura	597	vrouwelijke voornaam
Irem	597	vrouwelijke voornaam
Daniela	597	vrouwelijke voornaam
Hubertine	597	vrouwelijke voornaam
Foekje	596	vrouwelijke voornaam
Rana	596	vrouwelijke voornaam
Vicky	596	vrouwelijke voornaam
Jacky	593	vrouwelijke voornaam
Christiane	592	vrouwelijke voornaam
Sientje	592	vrouwelijke voornaam
Trudy	592	vrouwelijke voornaam
Hakima	592	vrouwelijke voornaam
Kris	592	vrouwelijke voornaam
Vivianne	592	vrouwelijke voornaam
Whitney	591	vrouwelijke voornaam
Hanan	589	vrouwelijke voornaam
Bouwina	588	vrouwelijke voornaam
Dorothy	585	vrouwelijke voornaam
Juanita	584	vrouwelijke voornaam
Maudy	583	vrouwelijke voornaam
Hanny	583	vrouwelijke voornaam
Ariane	583	vrouwelijke voornaam
Britney	583	vrouwelijke voornaam
Harriët	583	vrouwelijke voornaam
Desiré	583	vrouwelijke voornaam
Laurien	582	vrouwelijke voornaam
Hannie	582	vrouwelijke voornaam
Sharmila	582	vrouwelijke voornaam
Steffie	582	vrouwelijke voornaam
Beyza	581	vrouwelijke voornaam
Adinda	580	vrouwelijke voornaam
Frances	579	vrouwelijke voornaam
Saloua	579	vrouwelijke voornaam
Elza	579	vrouwelijke voornaam
Raquel	578	vrouwelijke voornaam
Valentina	578	vrouwelijke voornaam
Mimount	578	vrouwelijke voornaam
Romkje	577	vrouwelijke voornaam
Chaimae	577	vrouwelijke voornaam
Tabitha	576	vrouwelijke voornaam
Jacintha	576	vrouwelijke voornaam
Mabel	575	vrouwelijke voornaam
Daniella	575	vrouwelijke voornaam
Adrienne	574	vrouwelijke voornaam
Irena	574	vrouwelijke voornaam
Lorena	573	vrouwelijke voornaam
Nika	572	vrouwelijke voornaam
Lammerdina	572	vrouwelijke voornaam
Evita	572	vrouwelijke voornaam
Fréderique	570	vrouwelijke voornaam
Mona	570	vrouwelijke voornaam
Annita	569	vrouwelijke voornaam
Aranka	569	vrouwelijke voornaam
Sevgi	569	vrouwelijke voornaam
Angenita	568	vrouwelijke voornaam
Jorinde	567	vrouwelijke voornaam
Iza	567	vrouwelijke voornaam
Lot	565	vrouwelijke voornaam
Bertina	565	vrouwelijke voornaam
Rahma	565	vrouwelijke voornaam
Elsina	565	vrouwelijke voornaam
Matthea	564	vrouwelijke voornaam
Frouwke	564	vrouwelijke voornaam
Belia	564	vrouwelijke voornaam
Jeannine	564	vrouwelijke voornaam
Tessel	563	vrouwelijke voornaam
Aynur	563	vrouwelijke voornaam
Gesiena	563	vrouwelijke voornaam
Lidewij	562	vrouwelijke voornaam
Clementina	561	vrouwelijke voornaam
Aysel	561	vrouwelijke voornaam
Romee	561	vrouwelijke voornaam
Peternella	560	vrouwelijke voornaam
Alysha	560	vrouwelijke voornaam
Myrte	560	vrouwelijke voornaam
Kira	559	vrouwelijke voornaam
Alinda	558	vrouwelijke voornaam
Leni	558	vrouwelijke voornaam
Sana	558	vrouwelijke voornaam
Rijkje	558	vrouwelijke voornaam
Saliha	558	vrouwelijke voornaam
Lenny	558	vrouwelijke voornaam
Philippina	556	vrouwelijke voornaam
Bertine	556	vrouwelijke voornaam
Manal	556	vrouwelijke voornaam
Eileen	554	vrouwelijke voornaam
Hubertha	554	vrouwelijke voornaam
Naïma	554	vrouwelijke voornaam
Arentje	554	vrouwelijke voornaam
Jada	553	vrouwelijke voornaam
IJmkje	553	vrouwelijke voornaam
Amalia	552	vrouwelijke voornaam
Silvie	551	vrouwelijke voornaam
Kathleen	551	vrouwelijke voornaam
Sasja	551	vrouwelijke voornaam
Lijsje	550	vrouwelijke voornaam
Rilana	550	vrouwelijke voornaam
Thecla	549	vrouwelijke voornaam
Kate	549	vrouwelijke voornaam
Josje	548	vrouwelijke voornaam
Lisan	548	vrouwelijke voornaam
Elma	548	vrouwelijke voornaam
Sijtje	547	vrouwelijke voornaam
Rosalinda	547	vrouwelijke voornaam
Eltje	547	vrouwelijke voornaam
Laïla	546	vrouwelijke voornaam
Ryanne	546	vrouwelijke voornaam
Asha	545	vrouwelijke voornaam
Everarda	543	vrouwelijke voornaam
Leny	543	vrouwelijke voornaam
Loraine	541	vrouwelijke voornaam
Louiza	541	vrouwelijke voornaam
Welmoed	538	vrouwelijke voornaam
Alette	538	vrouwelijke voornaam
Josefine	537	vrouwelijke voornaam
Margarethe	537	vrouwelijke voornaam
Charlene	537	vrouwelijke voornaam
Annechiena	537	vrouwelijke voornaam
Emy	536	vrouwelijke voornaam
Gerlinde	535	vrouwelijke voornaam
Fadoua	535	vrouwelijke voornaam
Didi	534	vrouwelijke voornaam
Marilyn	534	vrouwelijke voornaam
Thessa	533	vrouwelijke voornaam
Noura	533	vrouwelijke voornaam
Elianne	533	vrouwelijke voornaam
Jolie	532	vrouwelijke voornaam
Lolkje	532	vrouwelijke voornaam
Michaela	532	vrouwelijke voornaam
Wiepkje	532	vrouwelijke voornaam
Mei	532	vrouwelijke voornaam
Mirre	531	vrouwelijke voornaam
Ernestine	531	vrouwelijke voornaam
Joni	530	vrouwelijke voornaam
Arzu	530	vrouwelijke voornaam
Nisa	529	vrouwelijke voornaam
Anette	528	vrouwelijke voornaam
Jeane	528	vrouwelijke voornaam
Carin	527	vrouwelijke voornaam
Sandrina	527	vrouwelijke voornaam
Shanice	526	vrouwelijke voornaam
Asmae	525	vrouwelijke voornaam
Margien	525	vrouwelijke voornaam
Marith	525	vrouwelijke voornaam
Leonore	525	vrouwelijke voornaam
Nanette	525	vrouwelijke voornaam
Joëlla	525	vrouwelijke voornaam
Godelieve	525	vrouwelijke voornaam
Femmy	525	vrouwelijke voornaam
Marcha	524	vrouwelijke voornaam
Josée	524	vrouwelijke voornaam
Kiara	523	vrouwelijke voornaam
Florien	523	vrouwelijke voornaam
Linn	522	vrouwelijke voornaam
Solange	521	vrouwelijke voornaam
Femia	521	vrouwelijke voornaam
Nisrine	520	vrouwelijke voornaam
Sherida	519	vrouwelijke voornaam
Nine	519	vrouwelijke voornaam
Karla	519	vrouwelijke voornaam
Lorraine	518	vrouwelijke voornaam
Emerentia	518	vrouwelijke voornaam
Annelie	517	vrouwelijke voornaam
Babet	517	vrouwelijke voornaam
Chantalle	516	vrouwelijke voornaam
Dunja	516	vrouwelijke voornaam
Bridget	515	vrouwelijke voornaam
Elle	514	vrouwelijke voornaam
Elsien	514	vrouwelijke voornaam
Margit	514	vrouwelijke voornaam
Leah	513	vrouwelijke voornaam
Mariëlla	513	vrouwelijke voornaam
Marwa	513	vrouwelijke voornaam
Senne	513	vrouwelijke voornaam
Rochelle	513	vrouwelijke voornaam
Wai	511	vrouwelijke voornaam
Anouska	510	vrouwelijke voornaam
Brigit	510	vrouwelijke voornaam
Mendy	509	vrouwelijke voornaam
Rania	508	vrouwelijke voornaam
Shelley	507	vrouwelijke voornaam
Hilje	507	vrouwelijke voornaam
Kamlawatie	507	vrouwelijke voornaam
Christien	506	vrouwelijke voornaam
Kaya	505	vrouwelijke voornaam
Puk	505	vrouwelijke voornaam
Roswitha	504	vrouwelijke voornaam
Tatum	504	vrouwelijke voornaam
Anne-Fleur	503	vrouwelijke voornaam
Theresa	503	vrouwelijke voornaam
Tanya	503	vrouwelijke voornaam
Mirelle	502	vrouwelijke voornaam
Wytske	502	vrouwelijke voornaam
Ines	501	vrouwelijke voornaam
Johannes	330057	mannelijke voornaam
Jan	202051	mannelijke voornaam
Cornelis	145449	mannelijke voornaam
Hendrik	128280	mannelijke voornaam
Willem	111006	mannelijke voornaam
Petrus	92470	mannelijke voornaam
Pieter	89160	mannelijke voornaam
Gerrit	80733	mannelijke voornaam
Wilhelmus	75509	mannelijke voornaam
Peter	72049	mannelijke voornaam
Jacobus	69889	mannelijke voornaam
Robert	69838	mannelijke voornaam
Antonius	69196	mannelijke voornaam
Gerardus	69121	mannelijke voornaam
Adrianus	67645	mannelijke voornaam
Franciscus	63450	mannelijke voornaam
Hendrikus	58807	mannelijke voornaam
Johan	54761	mannelijke voornaam
Jacob	53026	mannelijke voornaam
Marinus	51243	mannelijke voornaam
Dirk	51025	mannelijke voornaam
Jeroen	50183	mannelijke voornaam
Ronald	48483	mannelijke voornaam
Theodorus	48065	mannelijke voornaam
Martinus	46086	mannelijke voornaam
Henricus	41285	mannelijke voornaam
Thomas	40135	mannelijke voornaam
Richard	37766	mannelijke voornaam
Dennis	37603	mannelijke voornaam
Marcel	37257	mannelijke voornaam
Nicolaas	36354	mannelijke voornaam
Albert	34555	mannelijke voornaam
Mark	34476	mannelijke voornaam
Arie	34214	mannelijke voornaam
Patrick	33251	mannelijke voornaam
René	33114	mannelijke voornaam
Paul	31471	mannelijke voornaam
Martijn	30585	mannelijke voornaam
Bernardus	30128	mannelijke voornaam
Erik	29746	mannelijke voornaam
Maarten	29602	mannelijke voornaam
Tim	28381	mannelijke voornaam
Wouter	28179	mannelijke voornaam
Marco	27556	mannelijke voornaam
Michael	27527	mannelijke voornaam
Alexander	27465	mannelijke voornaam
Sander	26963	mannelijke voornaam
Paulus	26671	mannelijke voornaam
Leonardus	26390	mannelijke voornaam
Bart	26348	mannelijke voornaam
Frank	26188	mannelijke voornaam
Klaas	25982	mannelijke voornaam
Christiaan	25524	mannelijke voornaam
Albertus	25504	mannelijke voornaam
Daniël	25266	mannelijke voornaam
Niels	24954	mannelijke voornaam
Frederik	23558	mannelijke voornaam
Michel	23552	mannelijke voornaam
Kevin	23439	mannelijke voornaam
Hans	23119	mannelijke voornaam
Edwin	22604	mannelijke voornaam
Robin	22501	mannelijke voornaam
Leendert	22441	mannelijke voornaam
Tom	22440	mannelijke voornaam
Adriaan	22181	mannelijke voornaam
Hubertus	22116	mannelijke voornaam
Rudolf	21841	mannelijke voornaam
Gerard	21810	mannelijke voornaam
Herman	21639	mannelijke voornaam
Roy	21388	mannelijke voornaam
Martin	21168	mannelijke voornaam
Hermanus	20722	mannelijke voornaam
Stefan	20658	mannelijke voornaam
Robertus	20379	mannelijke voornaam
Eric	20281	mannelijke voornaam
Mohamed	20203	mannelijke voornaam
David	19860	mannelijke voornaam
Roelof	19732	mannelijke voornaam
Daan	19611	mannelijke voornaam
Lambertus	19591	mannelijke voornaam
Joseph	19417	mannelijke voornaam
Harm	19362	mannelijke voornaam
Josephus	19156	mannelijke voornaam
Ruben	18963	mannelijke voornaam
Jasper	18926	mannelijke voornaam
Simon	18621	mannelijke voornaam
Rick	18572	mannelijke voornaam
Nick	18257	mannelijke voornaam
Bas	18096	mannelijke voornaam
Lars	18092	mannelijke voornaam
Lucas	17943	mannelijke voornaam
Thijs	17903	mannelijke voornaam
Geert	17853	mannelijke voornaam
Evert	17603	mannelijke voornaam
Bram	17385	mannelijke voornaam
Vincent	17171	mannelijke voornaam
Joost	17130	mannelijke voornaam
Michiel	16988	mannelijke voornaam
Bastiaan	16971	mannelijke voornaam
Mike	16963	mannelijke voornaam
Danny	16900	mannelijke voornaam
Frans	16718	mannelijke voornaam
Remco	16604	mannelijke voornaam
Erwin	16442	mannelijke voornaam
Berend	16261	mannelijke voornaam
Jelle	16064	mannelijke voornaam
Jeffrey	15869	mannelijke voornaam
Max	15825	mannelijke voornaam
Koen	15732	mannelijke voornaam
Marc	15519	mannelijke voornaam
Teunis	15359	mannelijke voornaam
Eduard	15186	mannelijke voornaam
Andreas	15139	mannelijke voornaam
Sebastiaan	15135	mannelijke voornaam
Jozef	14779	mannelijke voornaam
Arnoldus	14081	mannelijke voornaam
Marcus	14054	mannelijke voornaam
Jesse	13813	mannelijke voornaam
Raymond	13715	mannelijke voornaam
Sven	13643	mannelijke voornaam
Sjoerd	13499	mannelijke voornaam
Arend	13368	mannelijke voornaam
Matthijs	12934	mannelijke voornaam
André	12877	mannelijke voornaam
Rob	12726	mannelijke voornaam
Wesley	12509	mannelijke voornaam
Maurice	12409	mannelijke voornaam
Abraham	12408	mannelijke voornaam
Joannes	12273	mannelijke voornaam
Hendricus	12253	mannelijke voornaam
Stijn	12156	mannelijke voornaam
Steven	11954	mannelijke voornaam
Luuk	11794	mannelijke voornaam
Karel	11508	mannelijke voornaam
John	11296	mannelijke voornaam
Andries	11218	mannelijke voornaam
Joris	11062	mannelijke voornaam
Gijsbertus	10930	mannelijke voornaam
Pascal	10590	mannelijke voornaam
Gerhardus	10338	mannelijke voornaam
Jordy	10155	mannelijke voornaam
Floris	10006	mannelijke voornaam
Aart	10000	mannelijke voornaam
Gijs	9871	mannelijke voornaam
Arjan	9785	mannelijke voornaam
Sem	9767	mannelijke voornaam
Joey	9741	mannelijke voornaam
Derk	9700	mannelijke voornaam
Egbert	9463	mannelijke voornaam
Bernard	9225	mannelijke voornaam
Menno	9163	mannelijke voornaam
Gijsbert	9143	mannelijke voornaam
Bob	9142	mannelijke voornaam
Anne	9037	mannelijke voornaam
Justin	9001	mannelijke voornaam
Laurens	8958	mannelijke voornaam
Hugo	8903	mannelijke voornaam
Dylan	8879	mannelijke voornaam
Anton	8754	mannelijke voornaam
Ferdinand	8709	mannelijke voornaam
Milan	8640	mannelijke voornaam
Ricardo	8466	mannelijke voornaam
Robbert	8336	mannelijke voornaam
Roel	8311	mannelijke voornaam
Mathijs	8306	mannelijke voornaam
Benjamin	8271	mannelijke voornaam
Sam	8195	mannelijke voornaam
Louis	8185	mannelijke voornaam
Pim	8087	mannelijke voornaam
Casper	7977	mannelijke voornaam
Roland	7923	mannelijke voornaam
Antonie	7872	mannelijke voornaam
Stephan	7765	mannelijke voornaam
Julian	7690	mannelijke voornaam
Stan	7671	mannelijke voornaam
Arnold	7650	mannelijke voornaam
Ali	7604	mannelijke voornaam
Christian	7572	mannelijke voornaam
Arthur	7569	mannelijke voornaam
Mohammed	7436	mannelijke voornaam
Niek	7326	mannelijke voornaam
Jakob	7319	mannelijke voornaam
Alex	7235	mannelijke voornaam
Guido	7230	mannelijke voornaam
Rutger	7079	mannelijke voornaam
Brian	7078	mannelijke voornaam
Reinier	7068	mannelijke voornaam
Marten	7058	mannelijke voornaam
Ivo	7041	mannelijke voornaam
Leon	7027	mannelijke voornaam
Timo	7001	mannelijke voornaam
Rik	6998	mannelijke voornaam
Ramon	6956	mannelijke voornaam
Henri	6833	mannelijke voornaam
Harry	6828	mannelijke voornaam
George	6762	mannelijke voornaam
Johnny	6667	mannelijke voornaam
Teun	6667	mannelijke voornaam
Wessel	6617	mannelijke voornaam
Marius	6596	mannelijke voornaam
Henk	6432	mannelijke voornaam
Kornelis	6403	mannelijke voornaam
Harmen	6377	mannelijke voornaam
Job	6354	mannelijke voornaam
Dave	6342	mannelijke voornaam
Victor	6291	mannelijke voornaam
Bartholomeus	6266	mannelijke voornaam
Jochem	6161	mannelijke voornaam
Arjen	6145	mannelijke voornaam
Joep	6122	mannelijke voornaam
Rens	6062	mannelijke voornaam
Edward	6054	mannelijke voornaam
Antoon	6028	mannelijke voornaam
Michaël	5996	mannelijke voornaam
Anthonius	5990	mannelijke voornaam
Daniel	5975	mannelijke voornaam
Gerben	5957	mannelijke voornaam
Maikel	5956	mannelijke voornaam
Ahmed	5936	mannelijke voornaam
Walter	5906	mannelijke voornaam
Douwe	5886	mannelijke voornaam
Mehmet	5827	mannelijke voornaam
Luc	5728	mannelijke voornaam
Alfred	5682	mannelijke voornaam
Nico	5675	mannelijke voornaam
Rogier	5583	mannelijke voornaam
Ralph	5581	mannelijke voornaam
Charles	5575	mannelijke voornaam
Ryan	5527	mannelijke voornaam
Melvin	5507	mannelijke voornaam
Mustafa	5378	mannelijke voornaam
Christianus	5378	mannelijke voornaam
Leo	5350	mannelijke voornaam
Wilhelm	5327	mannelijke voornaam
Dick	5279	mannelijke voornaam
Gerhard	5278	mannelijke voornaam
Theo	5217	mannelijke voornaam
Cornelius	5199	mannelijke voornaam
Noah	5193	mannelijke voornaam
Marijn	5172	mannelijke voornaam
Levi	5154	mannelijke voornaam
Ruud	5146	mannelijke voornaam
Mees	5094	mannelijke voornaam
Bertus	5056	mannelijke voornaam
Laurentius	5024	mannelijke voornaam
Damian	5014	mannelijke voornaam
Finn	5007	mannelijke voornaam
Leonard	5006	mannelijke voornaam
Anthonie	4993	mannelijke voornaam
Ronny	4991	mannelijke voornaam
Jonathan	4950	mannelijke voornaam
Pepijn	4922	mannelijke voornaam
Nicky	4908	mannelijke voornaam
Björn	4896	mannelijke voornaam
Frits	4875	mannelijke voornaam
Jean	4856	mannelijke voornaam
Jens	4851	mannelijke voornaam
Oscar	4850	mannelijke voornaam
Mario	4845	mannelijke voornaam
Roger	4815	mannelijke voornaam
Lodewijk	4812	mannelijke voornaam
Glenn	4806	mannelijke voornaam
Quinten	4757	mannelijke voornaam
Ernst	4757	mannelijke voornaam
Mattheus	4751	mannelijke voornaam
Cas	4721	mannelijke voornaam
Jimmy	4709	mannelijke voornaam
Barend	4697	mannelijke voornaam
Fabian	4674	mannelijke voornaam
Jordi	4663	mannelijke voornaam
Maurits	4660	mannelijke voornaam
Bryan	4647	mannelijke voornaam
Bjorn	4644	mannelijke voornaam
Stephanus	4634	mannelijke voornaam
Mitchell	4561	mannelijke voornaam
William	4554	mannelijke voornaam
Jaap	4538	mannelijke voornaam
Chris	4508	mannelijke voornaam
Olaf	4496	mannelijke voornaam
Emiel	4490	mannelijke voornaam
Jurgen	4456	mannelijke voornaam
Guus	4407	mannelijke voornaam
Luca	4399	mannelijke voornaam
Jesper	4398	mannelijke voornaam
Otto	4379	mannelijke voornaam
Anthony	4353	mannelijke voornaam
Rudi	4330	mannelijke voornaam
Jarno	4328	mannelijke voornaam
Twan	4316	mannelijke voornaam
Arno	4314	mannelijke voornaam
Godefridus	4311	mannelijke voornaam
Kees	4309	mannelijke voornaam
Jelmer	4301	mannelijke voornaam
Stef	4301	mannelijke voornaam
Hidde	4266	mannelijke voornaam
Youri	4255	mannelijke voornaam
Piet	4252	mannelijke voornaam
Ronnie	4246	mannelijke voornaam
Thijmen	4211	mannelijke voornaam
Auke	4197	mannelijke voornaam
Matheus	4196	mannelijke voornaam
Barry	4187	mannelijke voornaam
Carolus	4156	mannelijke voornaam
Eddy	4137	mannelijke voornaam
Tijn	4135	mannelijke voornaam
Samuel	4127	mannelijke voornaam
Jayden	4110	mannelijke voornaam
Ronaldus	4110	mannelijke voornaam
Olivier	4099	mannelijke voornaam
Harold	4078	mannelijke voornaam
Joshua	4056	mannelijke voornaam
Tjeerd	4044	mannelijke voornaam
Reinder	4040	mannelijke voornaam
Rudy	4040	mannelijke voornaam
Dion	4036	mannelijke voornaam
Huibert	4019	mannelijke voornaam
Fredericus	3985	mannelijke voornaam
Freddy	3983	mannelijke voornaam
Tristan	3962	mannelijke voornaam
Tijmen	3946	mannelijke voornaam
Hubert	3936	mannelijke voornaam
Tobias	3834	mannelijke voornaam
Lammert	3833	mannelijke voornaam
Jim	3822	mannelijke voornaam
Coen	3780	mannelijke voornaam
Henderikus	3779	mannelijke voornaam
Ludovicus	3779	mannelijke voornaam
Jacques	3758	mannelijke voornaam
Davy	3749	mannelijke voornaam
Joël	3746	mannelijke voornaam
Roeland	3743	mannelijke voornaam
Mathias	3735	mannelijke voornaam
Bert	3735	mannelijke voornaam
Timothy	3716	mannelijke voornaam
Philip	3709	mannelijke voornaam
Yannick	3668	mannelijke voornaam
Augustinus	3657	mannelijke voornaam
Markus	3641	mannelijke voornaam
Wim	3628	mannelijke voornaam
Lukas	3618	mannelijke voornaam
Marvin	3615	mannelijke voornaam
Hermannus	3595	mannelijke voornaam
Jeremy	3563	mannelijke voornaam
Giovanni	3522	mannelijke voornaam
Wiebe	3506	mannelijke voornaam
Jannes	3504	mannelijke voornaam
Jos	3480	mannelijke voornaam
Julius	3462	mannelijke voornaam
Marcellinus	3439	mannelijke voornaam
Ibrahim	3436	mannelijke voornaam
Ties	3424	mannelijke voornaam
Emile	3419	mannelijke voornaam
Ahmet	3412	mannelijke voornaam
Thom	3395	mannelijke voornaam
Onno	3388	mannelijke voornaam
Jorn	3366	mannelijke voornaam
Johannis	3361	mannelijke voornaam
Jason	3359	mannelijke voornaam
Lorenzo	3355	mannelijke voornaam
Mats	3341	mannelijke voornaam
Theodoor	3336	mannelijke voornaam
Mick	3309	mannelijke voornaam
Aloysius	3272	mannelijke voornaam
Frederikus	3248	mannelijke voornaam
Machiel	3245	mannelijke voornaam
Joeri	3234	mannelijke voornaam
Boudewijn	3193	mannelijke voornaam
Alphonsus	3171	mannelijke voornaam
Pierre	3146	mannelijke voornaam
Arnoud	3099	mannelijke voornaam
Mohammad	3094	mannelijke voornaam
Sjors	3073	mannelijke voornaam
Remko	3062	mannelijke voornaam
Adam	3057	mannelijke voornaam
Gert	3053	mannelijke voornaam
Colin	3044	mannelijke voornaam
Leroy	3034	mannelijke voornaam
Carlo	3027	mannelijke voornaam
Freek	3001	mannelijke voornaam
Boris	2992	mannelijke voornaam
Jerry	2976	mannelijke voornaam
Nathan	2970	mannelijke voornaam
Ferry	2960	mannelijke voornaam
Jurjen	2954	mannelijke voornaam
Mitchel	2927	mannelijke voornaam
Lambert	2920	mannelijke voornaam
Tygo	2911	mannelijke voornaam
Philippus	2884	mannelijke voornaam
Mathieu	2881	mannelijke voornaam
Roelf	2880	mannelijke voornaam
Bernhard	2878	mannelijke voornaam
Everardus	2872	mannelijke voornaam
Omar	2850	mannelijke voornaam
Jurre	2844	mannelijke voornaam
Jorrit	2832	mannelijke voornaam
Eelco	2830	mannelijke voornaam
Mika	2825	mannelijke voornaam
Kasper	2814	mannelijke voornaam
Marnix	2792	mannelijke voornaam
Diederik	2769	mannelijke voornaam
Jules	2752	mannelijke voornaam
Kay	2751	mannelijke voornaam
Kenneth	2734	mannelijke voornaam
Ian	2725	mannelijke voornaam
Henry	2708	mannelijke voornaam
Rolf	2708	mannelijke voornaam
François	2699	mannelijke voornaam
Raoul	2694	mannelijke voornaam
Werner	2691	mannelijke voornaam
Wijnand	2687	mannelijke voornaam
Meindert	2667	mannelijke voornaam
Felix	2666	mannelijke voornaam
Angelo	2655	mannelijke voornaam
Coenraad	2653	mannelijke voornaam
Matthias	2653	mannelijke voornaam
Stefanus	2647	mannelijke voornaam
Xander	2645	mannelijke voornaam
Iwan	2619	mannelijke voornaam
Wilco	2618	mannelijke voornaam
Tycho	2604	mannelijke voornaam
Lennart	2590	mannelijke voornaam
Mart	2584	mannelijke voornaam
Jack	2584	mannelijke voornaam
Carel	2557	mannelijke voornaam
Randy	2539	mannelijke voornaam
Wolter	2537	mannelijke voornaam
Ben	2516	mannelijke voornaam
Dani	2508	mannelijke voornaam
El	2502	mannelijke voornaam
Folkert	2498	mannelijke voornaam
Hein	2477	mannelijke voornaam
Roan	2470	mannelijke voornaam
Hasan	2469	mannelijke voornaam
Eduardus	2456	mannelijke voornaam
Bauke	2455	mannelijke voornaam
Roberto	2455	mannelijke voornaam
Johann	2454	mannelijke voornaam
Merijn	2448	mannelijke voornaam
Ismail	2447	mannelijke voornaam
Wout	2446	mannelijke voornaam
Rachid	2430	mannelijke voornaam
Willy	2422	mannelijke voornaam
Davey	2417	mannelijke voornaam
Andy	2417	mannelijke voornaam
Hindrik	2409	mannelijke voornaam
Ralf	2406	mannelijke voornaam
Fokke	2384	mannelijke voornaam
Tommy	2379	mannelijke voornaam
Hessel	2375	mannelijke voornaam
Remy	2373	mannelijke voornaam
Gino	2367	mannelijke voornaam
Krijn	2342	mannelijke voornaam
Youssef	2332	mannelijke voornaam
Rudolph	2309	mannelijke voornaam
Sietse	2287	mannelijke voornaam
Vincentius	2277	mannelijke voornaam
Rowan	2277	mannelijke voornaam
Jamie	2266	mannelijke voornaam
Murat	2246	mannelijke voornaam
Léon	2246	mannelijke voornaam
Said	2245	mannelijke voornaam
Ricky	2234	mannelijke voornaam
Abel	2234	mannelijke voornaam
Hassan	2230	mannelijke voornaam
Willibrordus	2228	mannelijke voornaam
Dean	2219	mannelijke voornaam
Aron	2218	mannelijke voornaam
Manuel	2210	mannelijke voornaam
Luke	2208	mannelijke voornaam
Nils	2195	mannelijke voornaam
Clemens	2193	mannelijke voornaam
Jort	2189	mannelijke voornaam
Melle	2186	mannelijke voornaam
Liam	2173	mannelijke voornaam
Jelte	2167	mannelijke voornaam
Kai	2128	mannelijke voornaam
Tijs	2121	mannelijke voornaam
Freerk	2121	mannelijke voornaam
Tjerk	2110	mannelijke voornaam
Nigel	2109	mannelijke voornaam
Yassine	2084	mannelijke voornaam
Bilal	2079	mannelijke voornaam
Engelbertus	2078	mannelijke voornaam
Ivan	2077	mannelijke voornaam
Jay	2076	mannelijke voornaam
August	2073	mannelijke voornaam
Ivar	2073	mannelijke voornaam
Siebe	2058	mannelijke voornaam
Rijk	2058	mannelijke voornaam
Eugène	2044	mannelijke voornaam
Adolf	2030	mannelijke voornaam
Robbie	2024	mannelijke voornaam
Ron	2023	mannelijke voornaam
Franklin	2019	mannelijke voornaam
Dimitri	2013	mannelijke voornaam
Marcellus	2012	mannelijke voornaam
James	2008	mannelijke voornaam
Lex	2007	mannelijke voornaam
Yusuf	2006	mannelijke voornaam
Gustaaf	1999	mannelijke voornaam
Antoine	1997	mannelijke voornaam
Jan-Willem	1984	mannelijke voornaam
Vince	1981	mannelijke voornaam
Harmannus	1979	mannelijke voornaam
Heinrich	1976	mannelijke voornaam
Jari	1970	mannelijke voornaam
Robby	1959	mannelijke voornaam
Herbert	1959	mannelijke voornaam
Koenraad	1952	mannelijke voornaam
Sebastian	1944	mannelijke voornaam
Sil	1939	mannelijke voornaam
Valentijn	1939	mannelijke voornaam
Duncan	1935	mannelijke voornaam
Khalid	1928	mannelijke voornaam
Carlos	1910	mannelijke voornaam
Muhammed	1905	mannelijke voornaam
Boy	1894	mannelijke voornaam
Delano	1893	mannelijke voornaam
Gradus	1891	mannelijke voornaam
Florian	1884	mannelijke voornaam
Edgar	1877	mannelijke voornaam
Samir	1875	mannelijke voornaam
Stanley	1871	mannelijke voornaam
Jacco	1867	mannelijke voornaam
Wilfred	1862	mannelijke voornaam
Caspar	1856	mannelijke voornaam
Lieuwe	1842	mannelijke voornaam
Hüseyin	1840	mannelijke voornaam
Siem	1840	mannelijke voornaam
Jip	1835	mannelijke voornaam
Micha	1834	mannelijke voornaam
Donny	1815	mannelijke voornaam
Jaimy	1812	mannelijke voornaam
Govert	1803	mannelijke voornaam
Owen	1799	mannelijke voornaam
Rico	1798	mannelijke voornaam
Serge	1776	mannelijke voornaam
Aalt	1772	mannelijke voornaam
Ömer	1770	mannelijke voornaam
Marlon	1769	mannelijke voornaam
Wietse	1768	mannelijke voornaam
Jouke	1767	mannelijke voornaam
Gertjan	1764	mannelijke voornaam
Hamza	1762	mannelijke voornaam
Alwin	1757	mannelijke voornaam
Christoffel	1750	mannelijke voornaam
Maximiliaan	1749	mannelijke voornaam
Dominique	1749	mannelijke voornaam
Richardus	1748	mannelijke voornaam
Brandon	1742	mannelijke voornaam
Karim	1732	mannelijke voornaam
Boaz	1731	mannelijke voornaam
Aaron	1712	mannelijke voornaam
Tomas	1711	mannelijke voornaam
Harald	1710	mannelijke voornaam
Gideon	1707	mannelijke voornaam
Zakaria	1699	mannelijke voornaam
Timotheus	1696	mannelijke voornaam
Rudolphus	1692	mannelijke voornaam
Berry	1688	mannelijke voornaam
Bouke	1687	mannelijke voornaam
Guillaume	1682	mannelijke voornaam
Jamal	1677	mannelijke voornaam
Collin	1674	mannelijke voornaam
Chiel	1674	mannelijke voornaam
Jop	1673	mannelijke voornaam
Rein	1667	mannelijke voornaam
Jonas	1665	mannelijke voornaam
Robbin	1643	mannelijke voornaam
Ruurd	1638	mannelijke voornaam
Carl	1630	mannelijke voornaam
Nino	1622	mannelijke voornaam
Johannus	1614	mannelijke voornaam
Maxim	1612	mannelijke voornaam
Lucien	1609	mannelijke voornaam
Geurt	1607	mannelijke voornaam
Egbertus	1606	mannelijke voornaam
Axel	1604	mannelijke voornaam
Kelvin	1604	mannelijke voornaam
Elias	1604	mannelijke voornaam
Armand	1600	mannelijke voornaam
Fredrik	1592	mannelijke voornaam
José	1592	mannelijke voornaam
Waltherus	1586	mannelijke voornaam
Brent	1579	mannelijke voornaam
Donald	1573	mannelijke voornaam
Mischa	1570	mannelijke voornaam
Lourens	1567	mannelijke voornaam
Loek	1567	mannelijke voornaam
Etienne	1566	mannelijke voornaam
Renzo	1561	mannelijke voornaam
Mitch	1556	mannelijke voornaam
Roderick	1546	mannelijke voornaam
Osman	1546	mannelijke voornaam
Allard	1541	mannelijke voornaam
Christopher	1539	mannelijke voornaam
Giel	1536	mannelijke voornaam
Quincy	1535	mannelijke voornaam
Diego	1534	mannelijke voornaam
Emre	1528	mannelijke voornaam
Lesley	1522	mannelijke voornaam
Ayoub	1518	mannelijke voornaam
Romano	1517	mannelijke voornaam
Remon	1516	mannelijke voornaam
Ilias	1488	mannelijke voornaam
Senna	1482	mannelijke voornaam
Alphons	1481	mannelijke voornaam
Gabriël	1475	mannelijke voornaam
Mustapha	1471	mannelijke voornaam
Joran	1455	mannelijke voornaam
Merlijn	1450	mannelijke voornaam
Jurriaan	1449	mannelijke voornaam
Maik	1449	mannelijke voornaam
Norbert	1437	mannelijke voornaam
	1437	mannelijke voornaam
Kaj	1436	mannelijke voornaam
Wieger	1433	mannelijke voornaam
Sipke	1429	mannelijke voornaam
Gert-Jan	1426	mannelijke voornaam
Arne	1426	mannelijke voornaam
Fedde	1425	mannelijke voornaam
Antonio	1411	mannelijke voornaam
Beau	1408	mannelijke voornaam
Younes	1400	mannelijke voornaam
Lennard	1393	mannelijke voornaam
Jans	1393	mannelijke voornaam
Martien	1392	mannelijke voornaam
Friso	1391	mannelijke voornaam
Abdullah	1387	mannelijke voornaam
Ewout	1387	mannelijke voornaam
Dominicus	1386	mannelijke voornaam
Sietze	1384	mannelijke voornaam
Hilbert	1378	mannelijke voornaam
Elbert	1378	mannelijke voornaam
Reijer	1367	mannelijke voornaam
Aaldert	1363	mannelijke voornaam
Joachim	1361	mannelijke voornaam
Andrew	1360	mannelijke voornaam
Yuri	1356	mannelijke voornaam
Camiel	1352	mannelijke voornaam
Fatih	1351	mannelijke voornaam
Eelke	1348	mannelijke voornaam
Raymon	1347	mannelijke voornaam
Alfons	1339	mannelijke voornaam
Perry	1339	mannelijke voornaam
Timon	1337	mannelijke voornaam
Dingeman	1337	mannelijke voornaam
Sidney	1335	mannelijke voornaam
Taco	1334	mannelijke voornaam
Dylano	1333	mannelijke voornaam
Ingmar	1330	mannelijke voornaam
Matthew	1330	mannelijke voornaam
Renatus	1324	mannelijke voornaam
Cornelus	1320	mannelijke voornaam
Calvin	1316	mannelijke voornaam
Hielke	1316	mannelijke voornaam
Yorick	1308	mannelijke voornaam
Reindert	1307	mannelijke voornaam
Igor	1307	mannelijke voornaam
Fred	1293	mannelijke voornaam
Rodney	1283	mannelijke voornaam
Amir	1281	mannelijke voornaam
Gerald	1281	mannelijke voornaam
Sean	1280	mannelijke voornaam
Morris	1278	mannelijke voornaam
Alain	1273	mannelijke voornaam
Tiemen	1268	mannelijke voornaam
Hicham	1268	mannelijke voornaam
Juan	1266	mannelijke voornaam
Stephen	1265	mannelijke voornaam
Sebastianus	1259	mannelijke voornaam
Ramazan	1259	mannelijke voornaam
Tarik	1259	mannelijke voornaam
Bo	1255	mannelijke voornaam
Rayan	1254	mannelijke voornaam
Mimoun	1250	mannelijke voornaam
Tonny	1249	mannelijke voornaam
Rinze	1248	mannelijke voornaam
Miguel	1242	mannelijke voornaam
Jürgen	1240	mannelijke voornaam
Wietze	1237	mannelijke voornaam
Thijn	1236	mannelijke voornaam
Bobby	1233	mannelijke voornaam
Gilbert	1232	mannelijke voornaam
Josef	1220	mannelijke voornaam
Everhardus	1220	mannelijke voornaam
Noud	1220	mannelijke voornaam
Marko	1213	mannelijke voornaam
Huub	1212	mannelijke voornaam
Jorg	1208	mannelijke voornaam
Keano	1204	mannelijke voornaam
Bruno	1203	mannelijke voornaam
Manfred	1198	mannelijke voornaam
Sten	1197	mannelijke voornaam
Noël	1193	mannelijke voornaam
Sjouke	1192	mannelijke voornaam
Sergio	1188	mannelijke voornaam
Abdul	1188	mannelijke voornaam
Gerwin	1187	mannelijke voornaam
Jean-Paul	1183	mannelijke voornaam
Egidius	1175	mannelijke voornaam
Denny	1172	mannelijke voornaam
Ewoud	1172	mannelijke voornaam
Thierry	1168	mannelijke voornaam
Theunis	1167	mannelijke voornaam
Aldert	1163	mannelijke voornaam
Durk	1163	mannelijke voornaam
Willebrordus	1157	mannelijke voornaam
Kenny	1155	mannelijke voornaam
Yasin	1153	mannelijke voornaam
Edo	1139	mannelijke voornaam
Stefano	1139	mannelijke voornaam
Jordan	1139	mannelijke voornaam
Enrico	1137	mannelijke voornaam
Norbertus	1136	mannelijke voornaam
Ernest	1134	mannelijke voornaam
Sami	1133	mannelijke voornaam
Rienk	1132	mannelijke voornaam
Samuël	1131	mannelijke voornaam
Olav	1131	mannelijke voornaam
Van	1126	mannelijke voornaam
Gregory	1120	mannelijke voornaam
Francis	1119	mannelijke voornaam
Catharinus	1116	mannelijke voornaam
Izaäk	1108	mannelijke voornaam
Hakan	1104	mannelijke voornaam
Brahim	1104	mannelijke voornaam
Benny	1102	mannelijke voornaam
Storm	1102	mannelijke voornaam
Bradley	1099	mannelijke voornaam
Halil	1099	mannelijke voornaam
Emanuel	1095	mannelijke voornaam
Wouterus	1095	mannelijke voornaam
Aalbert	1092	mannelijke voornaam
Milo	1089	mannelijke voornaam
Ward	1088	mannelijke voornaam
Han	1088	mannelijke voornaam
Sybren	1087	mannelijke voornaam
Luka	1084	mannelijke voornaam
Dries	1081	mannelijke voornaam
Tjalling	1080	mannelijke voornaam
Anass	1079	mannelijke voornaam
Abdellah	1076	mannelijke voornaam
Tony	1072	mannelijke voornaam
Arnout	1070	mannelijke voornaam
Koert	1069	mannelijke voornaam
Justus	1061	mannelijke voornaam
Sijtze	1059	mannelijke voornaam
Abram	1053	mannelijke voornaam
Dinand	1045	mannelijke voornaam
Gosse	1045	mannelijke voornaam
Mert	1044	mannelijke voornaam
Ewald	1041	mannelijke voornaam
Wilbert	1039	mannelijke voornaam
Barteld	1038	mannelijke voornaam
Taeke	1038	mannelijke voornaam
Duco	1034	mannelijke voornaam
Pier	1031	mannelijke voornaam
Raimond	1031	mannelijke voornaam
Rafael	1030	mannelijke voornaam
Constantijn	1027	mannelijke voornaam
Lubbert	1026	mannelijke voornaam
Leopold	1023	mannelijke voornaam
Ahmad	1021	mannelijke voornaam
Don	1020	mannelijke voornaam
Karl	1020	mannelijke voornaam
Scott	1020	mannelijke voornaam
Joop	1018	mannelijke voornaam
Kyan	1017	mannelijke voornaam
Guy	1015	mannelijke voornaam
Fokko	1013	mannelijke voornaam
Lubbertus	1013	mannelijke voornaam
Yoeri	1013	mannelijke voornaam
Quinn	1010	mannelijke voornaam
Anouar	1009	mannelijke voornaam
Abdelkader	1009	mannelijke voornaam
Emil	1009	mannelijke voornaam
Adil	1007	mannelijke voornaam
Xavier	1006	mannelijke voornaam
Sake	1005	mannelijke voornaam
Gilles	1004	mannelijke voornaam
Remi	1003	mannelijke voornaam
Deniz	997	mannelijke voornaam
Gregorius	996	mannelijke voornaam
Izaak	989	mannelijke voornaam
Age	986	mannelijke voornaam
Burak	982	mannelijke voornaam
Ate	974	mannelijke voornaam
Quirinus	973	mannelijke voornaam
Godfried	972	mannelijke voornaam
Gerbrand	971	mannelijke voornaam
Luciano	969	mannelijke voornaam
Farid	963	mannelijke voornaam
Hamid	959	mannelijke voornaam
Alle	958	mannelijke voornaam
Engbert	954	mannelijke voornaam
Achraf	953	mannelijke voornaam
Reinout	951	mannelijke voornaam
Gezinus	949	mannelijke voornaam
Nabil	947	mannelijke voornaam
Geoffrey	940	mannelijke voornaam
Huig	938	mannelijke voornaam
Romeo	937	mannelijke voornaam
Julien	935	mannelijke voornaam
Renier	933	mannelijke voornaam
Denis	932	mannelijke voornaam
Aziz	931	mannelijke voornaam
Steve	924	mannelijke voornaam
Sijmen	921	mannelijke voornaam
Feike	920	mannelijke voornaam
Ferdinandus	917	mannelijke voornaam
Wilfried	917	mannelijke voornaam
Philippe	915	mannelijke voornaam
Redouan	914	mannelijke voornaam
Ezra	913	mannelijke voornaam
Pedro	912	mannelijke voornaam
Quint	912	mannelijke voornaam
Roald	911	mannelijke voornaam
Fouad	906	mannelijke voornaam
Jakobus	895	mannelijke voornaam
Patricius	895	mannelijke voornaam
Driss	894	mannelijke voornaam
Furkan	892	mannelijke voornaam
Kadir	888	mannelijke voornaam
Reginald	882	mannelijke voornaam
Jurriën	881	mannelijke voornaam
Ferdi	881	mannelijke voornaam
Friedrich	873	mannelijke voornaam
Fernando	870	mannelijke voornaam
IJsbrand	870	mannelijke voornaam
Sonny	870	mannelijke voornaam
Alfonsus	868	mannelijke voornaam
Süleyman	867	mannelijke voornaam
Dominic	866	mannelijke voornaam
Karst	864	mannelijke voornaam
Yassin	863	mannelijke voornaam
Rafaël	862	mannelijke voornaam
Ludwig	861	mannelijke voornaam
Harrie	861	mannelijke voornaam
Kars	858	mannelijke voornaam
Yves	858	mannelijke voornaam
Leander	855	mannelijke voornaam
Jeffry	855	mannelijke voornaam
Romke	855	mannelijke voornaam
Amar	851	mannelijke voornaam
Humphrey	851	mannelijke voornaam
Adem	851	mannelijke voornaam
Robert-Jan	850	mannelijke voornaam
Kristian	849	mannelijke voornaam
Johny	849	mannelijke voornaam
Abdeslam	846	mannelijke voornaam
Bouwe	841	mannelijke voornaam
Engelbert	840	mannelijke voornaam
Benno	840	mannelijke voornaam
Jilles	840	mannelijke voornaam
Kris	838	mannelijke voornaam
Thimo	834	mannelijke voornaam
Orlando	834	mannelijke voornaam
Corné	831	mannelijke voornaam
Bennie	827	mannelijke voornaam
Boyd	826	mannelijke voornaam
Metin	825	mannelijke voornaam
Wicher	824	mannelijke voornaam
Joram	824	mannelijke voornaam
Devin	817	mannelijke voornaam
Hylke	817	mannelijke voornaam
Jur	816	mannelijke voornaam
Yunus	816	mannelijke voornaam
Kim	816	mannelijke voornaam
Abdelaziz	816	mannelijke voornaam
Dennie	812	mannelijke voornaam
Sijbren	811	mannelijke voornaam
Koos	808	mannelijke voornaam
Mounir	806	mannelijke voornaam
Mauro	805	mannelijke voornaam
Juul	802	mannelijke voornaam
Reint	801	mannelijke voornaam
Enes	800	mannelijke voornaam
Yoran	798	mannelijke voornaam
Damiën	798	mannelijke voornaam
Edmond	795	mannelijke voornaam
Roman	791	mannelijke voornaam
Joppe	791	mannelijke voornaam
Rudolfus	790	mannelijke voornaam
Jantinus	789	mannelijke voornaam
Rene	789	mannelijke voornaam
Francisco	787	mannelijke voornaam
Soufiane	786	mannelijke voornaam
Jurrien	786	mannelijke voornaam
Meine	785	mannelijke voornaam
Kian	784	mannelijke voornaam
Amine	782	mannelijke voornaam
Karsten	781	mannelijke voornaam
Siebren	780	mannelijke voornaam
Mourad	776	mannelijke voornaam
Dirk-Jan	776	mannelijke voornaam
Renze	775	mannelijke voornaam
Rody	775	mannelijke voornaam
Aris	774	mannelijke voornaam
M'hamed	773	mannelijke voornaam
Benedictus	771	mannelijke voornaam
Raphaël	768	mannelijke voornaam
Lubertus	768	mannelijke voornaam
Nanne	767	mannelijke voornaam
Ravi	766	mannelijke voornaam
Toon	766	mannelijke voornaam
Nicolas	765	mannelijke voornaam
Silvester	762	mannelijke voornaam
Chi	762	mannelijke voornaam
Abe	761	mannelijke voornaam
Antony	760	mannelijke voornaam
Jermaine	758	mannelijke voornaam
Reinoud	756	mannelijke voornaam
Eddie	754	mannelijke voornaam
Elroy	753	mannelijke voornaam
Engel	750	mannelijke voornaam
Maas	748	mannelijke voornaam
Dyon	747	mannelijke voornaam
Marciano	747	mannelijke voornaam
Steffen	746	mannelijke voornaam
Ton	744	mannelijke voornaam
Kjell	742	mannelijke voornaam
Denzel	741	mannelijke voornaam
Swen	741	mannelijke voornaam
Alan	741	mannelijke voornaam
Pelle	739	mannelijke voornaam
Yvo	738	mannelijke voornaam
Seth	738	mannelijke voornaam
Arda	737	mannelijke voornaam
Orhan	737	mannelijke voornaam
Amin	731	mannelijke voornaam
Stein	731	mannelijke voornaam
Ilyas	731	mannelijke voornaam
Foppe	730	mannelijke voornaam
Timmy	729	mannelijke voornaam
Arij	728	mannelijke voornaam
Hubrecht	726	mannelijke voornaam
Jessy	725	mannelijke voornaam
Donovan	723	mannelijke voornaam
Gianni	721	mannelijke voornaam
Hilbrand	721	mannelijke voornaam
Huibrecht	718	mannelijke voornaam
Shane	717	mannelijke voornaam
Siemen	716	mannelijke voornaam
Izak	716	mannelijke voornaam
Enzo	714	mannelijke voornaam
Fabio	713	mannelijke voornaam
Pleun	713	mannelijke voornaam
Maria	713	mannelijke voornaam
Norman	713	mannelijke voornaam
Raf	713	mannelijke voornaam
Gerlof	712	mannelijke voornaam
Hinderikus	710	mannelijke voornaam
Salih	710	mannelijke voornaam
Oussama	707	mannelijke voornaam
Ole	706	mannelijke voornaam
Kick	706	mannelijke voornaam
Rémon	705	mannelijke voornaam
Terence	705	mannelijke voornaam
Kenan	703	mannelijke voornaam
Hieronymus	702	mannelijke voornaam
Walterus	701	mannelijke voornaam
Ayman	699	mannelijke voornaam
Constant	699	mannelijke voornaam
Theodor	698	mannelijke voornaam
Elwin	698	mannelijke voornaam
Corstiaan	697	mannelijke voornaam
Mannes	696	mannelijke voornaam
Serkan	695	mannelijke voornaam
Armando	693	mannelijke voornaam
Walid	692	mannelijke voornaam
Noureddine	692	mannelijke voornaam
Arent	692	mannelijke voornaam
Gabriel	690	mannelijke voornaam
Matthieu	688	mannelijke voornaam
Winston	688	mannelijke voornaam
Franz	685	mannelijke voornaam
Koop	685	mannelijke voornaam
Jorik	684	mannelijke voornaam
Eliza	682	mannelijke voornaam
Adnan	682	mannelijke voornaam
Joan	680	mannelijke voornaam
Alphonsius	677	mannelijke voornaam
Jacky	677	mannelijke voornaam
Rinse	676	mannelijke voornaam
Tieme	676	mannelijke voornaam
Georg	676	mannelijke voornaam
Diederick	676	mannelijke voornaam
Levy	674	mannelijke voornaam
Cees	673	mannelijke voornaam
Dustin	672	mannelijke voornaam
Isaac	672	mannelijke voornaam
Minne	671	mannelijke voornaam
Kemal	671	mannelijke voornaam
Didier	671	mannelijke voornaam
Wai	670	mannelijke voornaam
Georgius	668	mannelijke voornaam
Roderik	668	mannelijke voornaam
Rudie	665	mannelijke voornaam
Mahmut	665	mannelijke voornaam
Ids	659	mannelijke voornaam
Wijbe	658	mannelijke voornaam
Kas	655	mannelijke voornaam
Kaan	654	mannelijke voornaam
Cedric	653	mannelijke voornaam
Haci	652	mannelijke voornaam
Emmanuel	649	mannelijke voornaam
Ilja	648	mannelijke voornaam
Onur	648	mannelijke voornaam
Anno	648	mannelijke voornaam
Elmar	648	mannelijke voornaam
Jurian	647	mannelijke voornaam
Sikke	647	mannelijke voornaam
Marcelis	645	mannelijke voornaam
Siegfried	645	mannelijke voornaam
Rowin	645	mannelijke voornaam
Henny	642	mannelijke voornaam
Kjeld	641	mannelijke voornaam
Nout	641	mannelijke voornaam
Ignatius	641	mannelijke voornaam
Cor	640	mannelijke voornaam
Sylvester	639	mannelijke voornaam
Huib	639	mannelijke voornaam
Jozeph	639	mannelijke voornaam
Derek	638	mannelijke voornaam
Bruce	636	mannelijke voornaam
Riemer	635	mannelijke voornaam
Kylian	635	mannelijke voornaam
Lloyd	634	mannelijke voornaam
Saïd	634	mannelijke voornaam
Elmer	634	mannelijke voornaam
Wijtze	634	mannelijke voornaam
Remmelt	628	mannelijke voornaam
Tonnis	622	mannelijke voornaam
Oliver	621	mannelijke voornaam
Mattijs	619	mannelijke voornaam
Bartus	619	mannelijke voornaam
Marouane	619	mannelijke voornaam
Senne	618	mannelijke voornaam
Sep	617	mannelijke voornaam
Dionysius	617	mannelijke voornaam
Rinke	617	mannelijke voornaam
Zeger	616	mannelijke voornaam
Jitse	613	mannelijke voornaam
Salim	612	mannelijke voornaam
Tommie	611	mannelijke voornaam
Antoni	610	mannelijke voornaam
Melis	610	mannelijke voornaam
Henderik	610	mannelijke voornaam
Timotheüs	609	mannelijke voornaam
Titus	608	mannelijke voornaam
Jetze	607	mannelijke voornaam
Rense	607	mannelijke voornaam
Okke	606	mannelijke voornaam
Yassir	606	mannelijke voornaam
Bernd	605	mannelijke voornaam
Jozephus	605	mannelijke voornaam
Luis	604	mannelijke voornaam
Eren	604	mannelijke voornaam
Ted	603	mannelijke voornaam
Yordi	603	mannelijke voornaam
Jörgen	603	mannelijke voornaam
Evan	602	mannelijke voornaam
Hermann	599	mannelijke voornaam
Arian	595	mannelijke voornaam
Henrikus	594	mannelijke voornaam
Melchior	593	mannelijke voornaam
Erol	591	mannelijke voornaam
Abderrahman	587	mannelijke voornaam
Nassim	586	mannelijke voornaam
Eibert	585	mannelijke voornaam
Elbertus	585	mannelijke voornaam
Tjibbe	583	mannelijke voornaam
Kyano	582	mannelijke voornaam
Arnaud	582	mannelijke voornaam
Emir	581	mannelijke voornaam
Wilko	580	mannelijke voornaam
Jozias	580	mannelijke voornaam
Ayhan	579	mannelijke voornaam
Pablo	577	mannelijke voornaam
Hermannes	576	mannelijke voornaam
Hillebrand	576	mannelijke voornaam
Gökhan	574	mannelijke voornaam
Bonne	573	mannelijke voornaam
Alec	572	mannelijke voornaam
Jaouad	572	mannelijke voornaam
Silvan	572	mannelijke voornaam
Nelis	571	mannelijke voornaam
Nando	571	mannelijke voornaam
Imad	570	mannelijke voornaam
Sascha	569	mannelijke voornaam
Nicholas	568	mannelijke voornaam
Ramón	567	mannelijke voornaam
Ariën	567	mannelijke voornaam
Sjaak	565	mannelijke voornaam
Dolf	563	mannelijke voornaam
Viktor	563	mannelijke voornaam
Ashwin	563	mannelijke voornaam
Francesco	562	mannelijke voornaam
Sinan	562	mannelijke voornaam
Harun	560	mannelijke voornaam
Musa	559	mannelijke voornaam
Sacha	559	mannelijke voornaam
Danilo	558	mannelijke voornaam
Mickey	558	mannelijke voornaam
Kamal	558	mannelijke voornaam
Muhammet	557	mannelijke voornaam
Toine	557	mannelijke voornaam
Dario	557	mannelijke voornaam
Bayram	556	mannelijke voornaam
Abdelkarim	555	mannelijke voornaam
Miquel	555	mannelijke voornaam
Viggo	554	mannelijke voornaam
Desmond	554	mannelijke voornaam
Freddie	553	mannelijke voornaam
Jochum	552	mannelijke voornaam
Gjalt	552	mannelijke voornaam
Ale	551	mannelijke voornaam
Erkan	550	mannelijke voornaam
Aloijsius	549	mannelijke voornaam
Servatius	549	mannelijke voornaam
Andre	548	mannelijke voornaam
Leslie	548	mannelijke voornaam
Gerke	548	mannelijke voornaam
Sieger	544	mannelijke voornaam
Anwar	543	mannelijke voornaam
Bartel	542	mannelijke voornaam
Toby	542	mannelijke voornaam
Reza	540	mannelijke voornaam
Steffan	540	mannelijke voornaam
Damien	540	mannelijke voornaam
Terry	538	mannelijke voornaam
Semih	537	mannelijke voornaam
Errol	536	mannelijke voornaam
Myron	535	mannelijke voornaam
Heiko	533	mannelijke voornaam
Imran	532	mannelijke voornaam
Jord	532	mannelijke voornaam
Gerjan	531	mannelijke voornaam
Jozua	528	mannelijke voornaam
Demian	527	mannelijke voornaam
Filippus	526	mannelijke voornaam
Sepp	525	mannelijke voornaam
Mels	525	mannelijke voornaam
Joren	523	mannelijke voornaam
Serdar	522	mannelijke voornaam
Ray	522	mannelijke voornaam
Sytze	521	mannelijke voornaam
Adri	521	mannelijke voornaam
Remigius	520	mannelijke voornaam
Nikolaas	519	mannelijke voornaam
Wytze	518	mannelijke voornaam
Jorick	516	mannelijke voornaam
Wijnandus	515	mannelijke voornaam
Valentino	515	mannelijke voornaam
Lasse	515	mannelijke voornaam
Wiebren	515	mannelijke voornaam
Mostafa	515	mannelijke voornaam
Hermen	514	mannelijke voornaam
Armin	514	mannelijke voornaam
Recep	514	mannelijke voornaam
Rinaldo	513	mannelijke voornaam
Cengiz	513	mannelijke voornaam
Tigo	512	mannelijke voornaam
Wander	512	mannelijke voornaam
Jelke	511	mannelijke voornaam
Dante	511	mannelijke voornaam
Oene	510	mannelijke voornaam
Jitze	510	mannelijke voornaam
Mahmoud	510	mannelijke voornaam
Michèl	509	mannelijke voornaam
Quentin	507	mannelijke voornaam
Bekir	507	mannelijke voornaam
Erick	507	mannelijke voornaam
Cem	506	mannelijke voornaam
Kyle	505	mannelijke voornaam
Ferdy	505	mannelijke voornaam
Frederick	504	mannelijke voornaam
Ludo	504	mannelijke voornaam
Ferhat	504	mannelijke voornaam
Jayson	503	mannelijke voornaam
Rients	502	mannelijke voornaam
